id,ability
0,2
1,6
2,6
3,3
4,6
5,6
6,5
7,5
8,6
9,5
10,6
11,5
12,5
13,6
14,4
15,5
16,5
17,5
18,5
19,5
20,1
21,1
22,6
23,4
24,4
25,2
26,6
27,6
28,5
29,6
30,6
31,6
32,6
33,6
34,6
35,6
36,6
37,6
38,6
39,6
40,6
41,6
42,6
43,4
44,2
45,4
46,5
47,6
48,1
49,6
50,1
51,6
52,6
53,6
54,3
55,4
56,6
57,6
58,1
59,6
60,6
61,6
62,1
63,6
64,6
65,6
66,6
67,6
68,6
69,6
70,6
71,4
72,6
73,6
74,6
75,6
76,6
77,6
78,6
79,6
80,4
81,6
82,6
83,6
84,6
85,6
86,6
87,6
88,6
89,6
90,6
91,4
92,6
93,6
94,6
95,6
96,6
97,6
98,1
99,6
100,6
101,6
102,6
103,6
104,5
105,5
106,6
107,6
108,6
109,6
110,5
111,5
112,4
113,5
114,5
115,1
116,5
117,4
118,2
119,4
120,3
121,1
122,5
123,4
124,3
125,1
126,2
127,1
128,4
129,1
130,3
131,2
132,5
133,2
134,6
135,6
136,6
137,6
138,6
139,6
140,6
141,5
142,6
143,6
144,6
145,6
146,6
147,6
148,6
149,6
150,6
151,6
152,6
153,6
154,6
155,6
156,6
157,6
158,6
159,6
160,6
161,6
162,6
163,6
164,6
165,6
166,6
167,6
168,6
169,6
170,5
171,6
172,6
173,5
174,4
175,6
176,6
177,6
178,6
179,6
180,6
181,3
182,6
183,6
184,6
185,6
186,3
187,5
188,4
189,3
190,4
191,1
192,2
193,4
194,3
195,5
196,1
197,1
198,5
199,2
200,5
201,5
202,4
203,3
204,4
205,1
206,1
207,5
208,2
209,5
210,4
211,5
212,4
213,5
214,1
215,3
216,1
217,4
218,2
219,1
220,1
221,4
222,2
223,5
224,4
225,3
226,5
227,6
228,6
229,5
230,3
231,6
232,6
233,6
234,6
235,6
236,6
237,5
238,5
239,6
240,4
241,6
242,6
243,6
244,6
245,6
246,6
247,6
248,6
249,6
250,6
251,3
252,6
253,6
254,6
255,6
256,6
257,6
258,6
259,6
260,6
261,6
262,6
263,6
264,6
265,6
266,6
267,6
268,6
269,6
270,3
271,5
272,5
273,4
274,3
275,6
276,5
277,6
278,2
279,5
280,4
281,5
282,5
283,6
284,6
285,1
286,6
287,6
288,6
289,6
290,6
291,6
292,6
293,2
294,6
295,6
296,5
297,4
298,5
299,5
300,6
301,6
302,6
303,5
304,1
305,5
306,2
307,1
308,1
309,5
310,5
311,2
312,4
313,1
314,3
315,4
316,4
317,5
318,1
319,1
320,4
321,4
322,3
323,4
324,2
325,3
326,1
327,1
328,6
329,6
330,4
331,6
332,6
333,6
334,5
335,6
336,6
337,5
338,1
339,2
340,5
341,6
342,6
343,5
344,5
345,2
346,4
347,1
348,4
349,2
350,4
351,6
352,5
353,4
354,4
355,5
356,1
357,4
358,5
359,4
360,5
361,3
362,5
363,5
364,4
365,2
366,4
367,6
368,1
369,5
370,1
371,5
372,3
373,1
374,6
375,6
376,2
377,5
378,4
379,3
380,3
381,3
382,3
383,2
384,3
385,4
386,5
387,5
388,3
389,3
390,5
391,3
392,4
393,5
394,5
395,5
396,5
397,5
398,5
399,5
400,5
401,5
402,4
403,2
404,5
405,5
406,4
407,5
408,5
409,1
410,1
411,1
412,1
413,2
414,1
415,1
416,1
417,1
418,1
419,1
420,2
421,1
422,1
423,3
424,5
425,6
426,6
427,6
428,6
429,4
430,6
431,6
432,6
433,5
434,4
435,2
436,6
437,2
438,6
439,6
440,6
441,6
442,6
443,6
444,6
445,6
446,6
447,6
448,6
449,6
450,2
451,6
452,6
453,6
454,5
455,6
456,6
457,6
458,6
459,6
460,6
461,6
462,6
463,3
464,5
465,4
466,6
467,5
468,4
469,5
470,6
471,6
472,6
473,6
474,6
475,5
476,6
477,4
478,3
479,3
480,6
481,6
482,6
483,4
484,4
485,6
486,6
487,5
488,6
489,6
490,4
491,5
492,5
493,6
494,5
495,6
496,6
497,6
498,6
499,6
500,4
501,6
502,6
503,1
504,5
505,5
506,2
507,2
508,1
509,2
510,4
511,4
512,5
513,5
514,5
515,2
516,2
517,2
518,2
519,4
520,5
521,6
522,6
523,5
524,4
525,5
526,4
527,3
528,1
529,3
530,2
531,2
532,5
533,2
534,1
535,1
536,1
537,3
538,2
539,1
540,4
541,1
542,4
543,4
544,1
545,2
546,5
547,4
548,2
549,1
550,1
551,1
552,2
553,1
554,1
555,2
556,1
557,2
558,1
559,1
560,1
561,1
562,1
563,1
564,1
565,6
566,2
567,6
568,6
569,6
570,6
571,6
572,5
573,6
574,6
575,6
576,5
577,6
578,3
579,6
580,1
581,4
582,1
583,3
584,1
585,1
586,2
587,6
588,1
589,3
590,1
591,1
592,1
593,1
594,4
595,1
596,5
597,1
598,1
599,1
600,6
601,1
602,2
603,1
604,1
605,4
606,2
607,4
608,2
609,5
610,6
611,5
612,3
613,3
614,2
615,3
616,3
617,4
618,4
619,2
620,3
621,6
622,5
623,6
624,2
625,3
626,1
627,5
628,2
629,4
630,3
631,5
632,4
633,5
634,5
635,3
636,4
637,2
638,1
639,3
640,4
641,3
642,2
643,1
644,5
645,3
646,5
647,4
648,4
649,5
650,5
651,4
652,4
653,4
654,4
655,4
656,4
657,5
658,5
659,4
660,4
661,5
662,6
663,4
664,5
665,5
666,2
667,1
668,4
669,3
670,3
671,4
672,5
673,5
674,3
675,2
676,4
677,5
678,5
679,4
680,5
681,3
682,5
683,2
684,5
685,5
686,4
687,5
688,1
689,5
690,2
691,5
692,2
693,4
694,5
695,3
696,1
697,5
698,4
699,2
700,2
701,4
702,4
703,5
704,5
705,5
706,1
707,4
708,4
709,4
710,5
711,5
712,4
713,4
714,5
715,4
716,1
717,5
718,2
719,2
720,2
721,1
722,2
723,5
724,4
725,5
726,2
727,5
728,3
729,4
730,5
731,4
732,5
733,5
734,5
735,4
736,5
737,5
738,5
739,5
740,5
741,5
742,5
743,5
744,5
745,5
746,5
747,5
748,5
749,5
750,4
751,6
752,3
753,3
754,5
755,6
756,6
757,6
758,6
759,6
760,5
761,5
762,3
763,4
764,6
765,6
766,6
767,2
768,4
769,4
770,1
771,2
772,2
773,2
774,4
775,2
776,4
777,4
778,4
779,2
780,4
781,3
782,3
783,3
784,3
785,3
786,3
787,3
788,2
789,3
790,3
791,2
792,4
793,4
794,5
795,4
796,2
797,3
798,4
799,4
800,4
801,3
802,1
803,4
804,4
805,5
806,6
807,6
808,5
809,5
810,1
811,2
812,2
813,1
814,2
815,2
816,1
817,1
818,4
819,5
820,4
821,4
822,3
823,3
824,3
825,3
826,4
827,6
828,6
829,6
830,6
831,6
832,6
833,6
834,6
835,6
836,2
837,2
838,2
839,6
840,6
841,2
842,6
843,6
844,6
845,6
846,6
847,6
848,6
849,6
850,6
851,1
852,5
853,1
854,4
855,1
856,6
857,6
858,1
859,5
860,3
861,1
862,6
863,4
864,6
865,4
866,4
867,6
868,6
869,5
870,4
871,5
872,5
873,6
874,5
875,4
876,4
877,4
878,3
879,4
880,5
881,4
882,2
883,1
884,1
885,5
886,2
887,1
888,3
889,1
890,3
891,4
892,4
893,2
894,5
895,5
896,6
897,5
898,5
899,5
900,5
901,6
902,5
903,6
904,5
905,5
906,3
907,3
908,3
909,1
910,2
911,5
912,1
913,3
914,3
915,4
916,5
917,6
918,6
919,5
920,5
921,5
922,5
923,5
924,5
925,5
926,6
927,5
928,5
929,5
930,5
931,6
932,5
933,5
934,2
935,5
936,3
937,5
938,1
939,3
940,2
941,3
942,2
943,4
944,2
945,2
946,6
947,6
948,1
949,1
950,1
951,2
952,1
953,1
954,1
955,1
956,2
957,4
958,3
959,3
960,4
961,2
962,3
963,5
964,1
965,6
966,4
967,6
968,1
969,3
970,5
971,4
972,4
973,3
974,2
975,3
976,2
977,4
978,3
979,2
980,2
981,2
982,4
983,4
984,4
985,4
986,1
987,1
988,5
989,5
990,4
991,5
992,4
993,5
994,5
995,5
996,5
997,5
998,5
999,5
1000,4
1001,1
1002,3
1003,3
1004,1
1005,1
1006,1
1007,3
1008,4
1009,4
1010,5
1011,1
1012,4
1013,4
1014,5
1015,4
1016,5
1017,3
1018,5
1019,2
1020,4
1021,4
1022,1
1023,5
1024,5
1025,1
1026,4
1027,2
1028,4
1029,2
1030,2
1031,3
1032,1
1033,2
1034,4
1035,5
1036,3
1037,5
1038,1
1039,5
1040,4
1041,4
1042,4
1043,4
1044,2
1045,4
1046,4
1047,4
1048,3
1049,4
1050,2
1051,3
1052,1
1053,1
1054,4
1055,2
1056,6
1057,4
1058,4
1059,5
1060,4
1061,3
1062,5
1063,3
1064,3
1065,2
1066,2
1067,2
1068,5
1069,4
1070,4
1071,2
1072,1
1073,3
1074,4
1075,2
1076,2
1077,1
1078,4
1079,3
1080,4
1081,2
1082,2
1083,3
1084,3
1085,2
1086,4
1087,1
1088,2
1089,3
1090,2
1091,2
1092,2
1093,4
1094,3
1095,2
1096,2
1097,2
1098,3
1099,1
1100,4
1101,4
1102,4
1103,1
1104,1
1105,2
1106,2
1107,2
1108,3
1109,5
1110,5
1111,4
1112,1
1113,3
1114,2
1115,4
1116,3
1117,4
1118,2
1119,5
1120,5
1121,1
1122,6
1123,5
1124,1
1125,3
1126,2
1127,2
1128,1
1129,2
1130,1
1131,5
1132,2
1133,1
1134,4
1135,2
1136,1
1137,1
1138,1
1139,1
1140,1
1141,1
1142,3
1143,2
1144,1
1145,4
1146,2
1147,3
1148,1
1149,1
1150,2
1151,5
1152,4
1153,5
1154,1
1155,1
1156,2
1157,2
1158,3
1159,1
1160,1
1161,2
1162,1
1163,1
1164,5
1165,1
1166,2
1167,1
1168,4
1169,1
1170,4
1171,2
1172,1
1173,5
1174,5
1175,2
1176,4
1177,2
1178,3
1179,1
1180,1
1181,2
1182,4
1183,2
1184,1
1185,2
1186,4
1187,3
1188,5
1189,3
1190,2
1191,4
1192,4
1193,5
1194,5
1195,5
1196,5
1197,4
1198,4
1199,4
1200,5
1201,3
1202,4
1203,4
1204,3
1205,4
1206,5
1207,4
1208,2
1209,4
1210,5
1211,4
1212,4
1213,3
1214,5
1215,3
1216,2
1217,1
1218,5
1219,4
1220,3
1221,3
1222,4
1223,1
1224,3
1225,4
1226,1
1227,1
1228,4
1229,3
1230,2
1231,5
1232,1
1233,2
1234,1
1235,1
1236,2
1237,1
1238,5
1239,4
1240,6
1241,3
1242,1
1243,3
1244,2
1245,1
1246,5
1247,4
1248,5
1249,5
1250,4
1251,4
1252,5
1253,4
1254,4
1255,4
1256,2
1257,5
1258,2
1259,5
1260,4
1261,1
1262,5
1263,5
1264,4
1265,4
1266,6
1267,5
1268,1
1269,5
1270,3
1271,2
1272,2
1273,3
1274,3
1275,2
1276,2
1277,4
1278,2
1279,2
1280,4
1281,1
1282,3
1283,6
1284,5
1285,6
1286,1
1287,6
1288,2
1289,5
1290,4
1291,6
1292,6
1293,5
1294,2
1295,5
1296,3
1297,3
1298,3
1299,5
1300,1
1301,2
1302,3
1303,5
1304,5
1305,5
1306,4
1307,2
1308,2
1309,5
1310,1
1311,3
1312,2
1313,3
1314,6
1315,6
1316,2
1317,3
1318,4
1319,1
1320,1
1321,5
1322,5
1323,3
1324,1
1325,3
1326,3
1327,2
1328,1
1329,2
1330,2
1331,3
1332,2
1333,2
1334,4
1335,2
1336,2
1337,2
1338,2
1339,2
1340,2
1341,2
1342,2
1343,2
1344,2
1345,3
1346,4
1347,5
1348,1
1349,4
1350,1
1351,1
1352,1
1353,1
1354,2
1355,3
1356,2
1357,1
1358,2
1359,1
1360,4
1361,2
1362,3
1363,2
1364,1
1365,1
1366,1
1367,5
1368,3
1369,2
1370,2
1371,2
1372,2
1373,3
1374,2
1375,3
1376,2
1377,2
1378,2
1379,2
1380,2
1381,4
1382,1
1383,3
1384,1
1385,1
1386,3
1387,2
1388,1
1389,2
1390,2
1391,3
1392,2
1393,1
1394,2
1395,1
1396,2
1397,2
1398,2
1399,1
1400,3
1401,3
1402,4
1403,1
1404,3
1405,1
1406,3
1407,3
1408,1
1409,4
1410,4
1411,1
1412,2
1413,3
1414,2
1415,2
1416,1
1417,2
1418,2
1419,2
1420,2
1421,2
1422,1
1423,2
1424,2
1425,2
1426,1
1427,4
1428,1
1429,2
1430,1
1431,1
1432,4
1433,3
1434,2
1435,1
1436,1
1437,2
1438,3
1439,3
1440,1
1441,3
1442,1
1443,1
1444,3
1445,1
1446,1
1447,4
1448,6
1449,2
1450,3
1451,2
1452,5
1453,2
1454,4
1455,3
1456,1
1457,6
1458,1
1459,1
1460,2
1461,1
1462,5
1463,5
1464,6
1465,6
1466,6
1467,6
1468,6
1469,5
1470,6
1471,6
1472,6
1473,6
1474,6
1475,5
1476,6
1477,5
1478,6
1479,6
1480,6
1481,5
1482,6
1483,6
1484,6
1485,4
1486,6
1487,3
1488,3
1489,3
1490,5
1491,2
1492,4
1493,4
1494,4
1495,2
1496,6
1497,2
1498,6
1499,3
1500,6
1501,4
1502,1
1503,3
1504,6
1505,2
1506,5
1507,2
1508,6
1509,1
1510,5
1511,3
1512,5
1513,6
1514,5
1515,6
1516,5
1517,6
1518,3
1519,4
1520,6
1521,1
1522,2
1523,4
1524,5
1525,2
1526,4
1527,2
1528,5
1529,4
1530,1
1531,3
1532,2
1533,3
1534,3
1535,3
1536,2
1537,3
1538,2
1539,5
1540,5
1541,3
1542,1
1543,1
1544,2
1545,3
1546,4
1547,2
1548,5
1549,1
1550,2
1551,5
1552,4
1553,5
1554,2
1555,3
1556,4
1557,2
1558,1
1559,4
1560,2
1561,3
1562,2
1563,4
1564,2
1565,5
1566,4
1567,5
1568,5
1569,1
1570,1
1571,2
1572,5
1573,2
1574,2
1575,5
1576,3
1577,3
1578,2
1579,1
1580,2
1581,3
1582,4
1583,1
1584,1
1585,5
1586,4
1587,5
1588,6
1589,5
1590,3
1591,5
1592,1
1593,3
1594,3
1595,1
1596,3
1597,1
1598,1
1599,4
1600,3
1601,4
1602,4
1603,4
1604,4
1605,3
1606,4
1607,4
1608,4
1609,4
1610,4
1611,3
1612,4
1613,4
1614,4
1615,5
1616,5
1617,6
1618,5
1619,4
1620,5
1621,5
1622,1
1623,1
1624,1
1625,3
1626,1
1627,1
1628,1
1629,1
1630,1
1631,1
1632,1
1633,1
1634,4
1635,3
1636,1
1637,5
1638,1
1639,4
1640,4
1641,4
1642,2
1643,2
1644,3
1645,3
1646,2
1647,3
1648,3
1649,3
1650,3
1651,3
1652,3
1653,3
1654,3
1655,3
1656,3
1657,3
1658,3
1659,3
1660,3
1661,3
1662,1
1663,4
1664,2
1665,3
1666,1
1667,4
1668,5
1669,3
1670,2
1671,2
1672,2
1673,4
1674,3
1675,4
1676,3
1677,3
1678,4
1679,3
1680,2
1681,3
1682,4
1683,4
1684,5
1685,2
1686,4
1687,2
1688,2
1689,2
1690,1
1691,1
1692,3
1693,4
1694,1
1695,2
1696,4
1697,4
1698,3
1699,4
1700,1
1701,1
1702,4
1703,4
1704,3
1705,3
1706,4
1707,1
1708,3
1709,4
1710,2
1711,2
1712,4
1713,4
1714,1
1715,3
1716,3
1717,2
1718,3
1719,1
1720,2
1721,3
1722,2
1723,3
1724,4
1725,4
1726,3
1727,4
1728,3
1729,3
1730,1
1731,2
1732,4
1733,4
1734,4
1735,4
1736,2
1737,3
1738,4
1739,2
1740,3
1741,1
1742,3
1743,2
1744,4
1745,4
1746,3
1747,4
1748,3
1749,5
1750,4
1751,3
1752,3
1753,3
1754,4
1755,4
1756,1
1757,4
1758,3
1759,4
1760,2
1761,2
1762,2
1763,2
1764,4
1765,4
1766,4
1767,3
1768,2
1769,3
1770,5
1771,4
1772,2
1773,2
1774,3
1775,4
1776,4
1777,1
1778,1
1779,2
1780,4
1781,1
1782,4
1783,4
1784,3
1785,4
1786,3
1787,2
1788,3
1789,2
1790,4
1791,3
1792,4
1793,3
1794,4
1795,4
1796,1
1797,2
1798,3
1799,4
1800,3
1801,3
1802,4
1803,4
1804,2
1805,3
1806,3
1807,3
1808,3
1809,3
1810,1
1811,2
1812,2
1813,4
1814,3
1815,1
1816,3
1817,2
1818,5
1819,5
1820,2
1821,4
1822,5
1823,5
1824,5
1825,5
1826,5
1827,4
1828,2
1829,3
1830,3
1831,3
1832,3
1833,3
1834,3
1835,3
1836,3
1837,3
1838,3
1839,2
1840,3
1841,3
1842,3
1843,2
1844,2
1845,2
1846,3
1847,2
1848,3
1849,3
1850,2
1851,3
1852,3
1853,3
1854,3
1855,2
1856,3
1857,2
1858,2
1859,2
1860,3
1861,1
1862,3
1863,3
1864,2
1865,1
1866,3
1867,2
1868,3
1869,3
1870,3
1871,3
1872,3
1873,3
1874,2
1875,3
1876,3
1877,3
1878,3
1879,3
1880,3
1881,3
1882,3
1883,3
1884,3
1885,3
1886,3
1887,3
1888,3
1889,3
1890,3
1891,3
1892,1
1893,3
1894,2
1895,3
1896,3
1897,3
1898,3
1899,3
1900,3
1901,3
1902,3
1903,3
1904,3
1905,3
1906,2
1907,3
1908,3
1909,3
1910,3
1911,1
1912,3
1913,3
1914,1
1915,3
1916,3
1917,3
1918,3
1919,2
1920,3
1921,3
1922,3
1923,3
1924,3
1925,3
1926,2
1927,2
1928,2
1929,3
1930,3
1931,3
1932,3
1933,2
1934,3
1935,3
1936,3
1937,2
1938,3
1939,2
1940,2
1941,3
1942,2
1943,2
1944,3
1945,3
1946,3
1947,2
1948,2
1949,3
1950,3
1951,3
1952,1
1953,2
1954,3
1955,3
1956,3
1957,3
1958,2
1959,3
1960,3
1961,3
1962,3
1963,3
1964,3
1965,3
1966,2
1967,3
1968,1
1969,3
1970,2
1971,3
1972,3
1973,3
1974,2
1975,3
1976,3
1977,3
1978,2
1979,3
1980,3
1981,2
1982,2
1983,3
1984,3
1985,3
1986,1
1987,3
1988,6
1989,6
1990,6
1991,6
1992,6
1993,6
1994,6
1995,6
1996,6
1997,6
1998,6
1999,6
2000,6
2001,6
2002,6
2003,6
2004,6
2005,6
2006,6
2007,6
2008,6
2009,6
2010,6
2011,5
2012,3
2013,2
2014,1
2015,4
2016,1
2017,1
2018,4
2019,3
2020,3
2021,1
2022,2
2023,1
2024,6
2025,5
2026,6
2027,6
2028,4
2029,6
2030,1
2031,6
2032,1
2033,4
2034,6
2035,6
2036,6
2037,6
2038,6
2039,6
2040,5
2041,3
2042,5
2043,6
2044,6
2045,6
2046,6
2047,6
2048,6
2049,6
2050,6
2051,6
2052,6
2053,5
2054,6
2055,6
2056,6
2057,6
2058,6
2059,5
2060,6
2061,6
2062,6
2063,6
2064,2
2065,4
2066,5
2067,6
2068,6
2069,6
2070,5
2071,5
2072,5
2073,5
2074,5
2075,6
2076,4
2077,6
2078,6
2079,5
2080,2
2081,5
2082,6
2083,5
2084,5
2085,2
2086,6
2087,1
2088,1
2089,1
2090,2
2091,2
2092,1
2093,5
2094,4
2095,4
2096,4
2097,5
2098,1
2099,1
2100,4
2101,1
2102,5
2103,5
2104,1
2105,2
2106,4
2107,1
2108,5
2109,3
2110,1
2111,1
2112,4
2113,4
2114,1
2115,5
2116,4
2117,6
2118,1
2119,5
2120,5
2121,5
2122,4
2123,4
2124,4
2125,5
2126,2
2127,1
2128,4
2129,1
2130,1
2131,5
2132,6
2133,1
2134,5
2135,4
2136,5
2137,6
2138,2
2139,6
2140,6
2141,1
2142,2
2143,4
2144,2
2145,1
2146,5
2147,5
2148,1
2149,3
2150,2
2151,3
2152,2
2153,2
2154,2
2155,2
2156,2
2157,3
2158,3
2159,1
2160,1
2161,1
2162,1
2163,4
2164,1
2165,2
2166,3
2167,1
2168,1
2169,4
2170,2
2171,1
2172,1
2173,1
2174,1
2175,2
2176,2
2177,4
2178,2
2179,4
2180,1
2181,1
2182,1
2183,2
2184,2
2185,1
2186,3
2187,1
2188,2
2189,2
2190,2
2191,2
2192,2
2193,3
2194,5
2195,5
2196,5
2197,3
2198,5
2199,5
2200,5
2201,5
2202,5
2203,1
2204,4
2205,2
2206,5
2207,2
2208,1
2209,1
2210,5
2211,2
2212,1
2213,1
2214,1
2215,1
2216,4
2217,2
2218,6
2219,3
2220,1
2221,6
2222,1
2223,1
2224,2
2225,3
2226,1
2227,1
2228,2
2229,6
2230,1
2231,1
2232,2
2233,2
2234,3
2235,1
2236,2
2237,1
2238,1
2239,2
2240,4
2241,1
2242,3
2243,2
2244,1
2245,1
2246,6
2247,5
2248,3
2249,1
2250,2
2251,3
2252,1
2253,3
2254,2
2255,4
2256,1
2257,2
2258,3
2259,2
2260,1
2261,3
2262,1
2263,1
2264,1
2265,2
2266,1
2267,1
2268,1
2269,1
2270,3
2271,1
2272,1
2273,5
2274,5
2275,5
2276,1
2277,1
2278,1
2279,6
2280,1
2281,2
2282,2
2283,1
2284,3
2285,1
2286,1
2287,5
2288,2
2289,1
2290,1
2291,2
2292,5
2293,1
2294,1
2295,1
2296,1
2297,1
2298,3
2299,3
2300,4
2301,5
2302,1
2303,1
2304,1
2305,3
2306,3
2307,1
2308,3
2309,3
2310,3
2311,3
2312,2
2313,4
2314,1
2315,4
2316,4
2317,1
2318,3
2319,3
2320,5
2321,1
2322,1
2323,5
2324,1
2325,1
2326,1
2327,4
2328,5
2329,1
2330,1
2331,6
2332,1
2333,5
2334,1
2335,4
2336,4
2337,3
2338,5
2339,1
2340,1
2341,4
2342,6
2343,6
2344,1
2345,6
2346,1
2347,1
2348,5
2349,1
2350,2
2351,4
2352,3
2353,1
2354,1
2355,3
2356,1
2357,1
2358,4
2359,1
2360,1
2361,1
2362,1
2363,3
2364,4
2365,5
2366,4
2367,5
2368,2
2369,5
2370,4
2371,5
2372,6
2373,6
2374,1
2375,5
2376,2
2377,5
2378,5
2379,5
2380,5
2381,5
2382,5
2383,5
2384,5
2385,3
2386,3
2387,5
2388,5
2389,1
2390,1
2391,1
2392,1
2393,1
2394,5
2395,3
2396,1
2397,1
2398,1
2399,2
2400,3
2401,5
2402,6
2403,1
2404,1
2405,3
2406,4
2407,1
2408,1
2409,5
2410,6
2411,1
2412,2
2413,3
2414,1
2415,3
2416,5
2417,3
2418,4
2419,5
2420,6
2421,5
2422,5
2423,6
2424,6
2425,6
2426,6
2427,5
2428,6
2429,4
2430,5
2431,6
2432,5
2433,5
2434,5
2435,4
2436,4
2437,4
2438,5
2439,4
2440,4
2441,5
2442,4
2443,4
2444,5
2445,5
2446,4
2447,5
2448,4
2449,5
2450,6
2451,6
2452,6
2453,5
2454,5
2455,5
2456,6
2457,5
2458,5
2459,5
2460,5
2461,6
2462,3
2463,2
2464,5
2465,5
2466,5
2467,6
2468,6
2469,6
2470,6
2471,5
2472,5
2473,6
2474,5
2475,6
2476,5
2477,5
2478,6
2479,5
2480,2
2481,2
2482,1
2483,1
2484,2
2485,1
2486,2
2487,2
2488,2
2489,2
2490,2
2491,2
2492,5
2493,4
2494,5
2495,5
2496,5
2497,5
2498,5
2499,5
2500,5
2501,2
2502,2
2503,2
2504,3
2505,2
2506,3
2507,1
2508,2
2509,2
2510,2
2511,2
2512,1
2513,2
2514,4
2515,4
2516,2
2517,4
2518,3
2519,4
2520,3
2521,5
2522,3
2523,3
2524,3
2525,3
2526,3
2527,3
2528,2
2529,3
2530,3
2531,3
2532,2
2533,2
2534,3
2535,3
2536,3
2537,3
2538,3
2539,1
2540,3
2541,1
2542,4
2543,1
2544,3
2545,6
2546,2
2547,3
2548,3
2549,3
2550,2
2551,2
2552,4
2553,3
2554,2
2555,3
2556,2
2557,2
2558,1
2559,3
2560,2
2561,5
2562,1
2563,5
2564,5
2565,5
2566,1
2567,5
2568,5
2569,4
2570,5
2571,1
2572,5
2573,5
2574,1
2575,1
2576,3
2577,5
2578,5
2579,2
2580,3
2581,6
2582,5
2583,6
2584,5
2585,5
2586,1
2587,6
2588,4
2589,4
2590,4
2591,4
2592,2
2593,2
2594,4
2595,1
2596,1
2597,5
2598,2
2599,1
2600,5
2601,6
2602,5
2603,4
2604,5
2605,6
2606,4
2607,2
2608,2
2609,5
2610,5
2611,5
2612,5
2613,2
2614,1
2615,2
2616,1
2617,3
2618,2
2619,1
2620,1
2621,2
2622,2
2623,1
2624,2
2625,1
2626,2
2627,1
2628,3
2629,2
2630,2
2631,2
2632,2
2633,2
2634,1
2635,4
2636,1
2637,1
2638,2
2639,2
2640,2
2641,1
2642,2
2643,2
2644,1
2645,1
2646,5
2647,2
2648,5
2649,3
2650,1
2651,3
2652,1
2653,3
2654,1
2655,2
2656,2
2657,4
2658,3
2659,2
2660,1
2661,3
2662,3
2663,3
2664,1
2665,2
2666,2
2667,2
2668,4
2669,3
2670,3
2671,2
2672,1
2673,3
2674,2
2675,3
2676,4
2677,4
2678,2
2679,1
2680,1
2681,1
2682,1
2683,5
2684,1
2685,1
2686,1
2687,4
2688,1
2689,1
2690,1
2691,5
2692,3
2693,2
2694,1
2695,5
2696,4
2697,4
2698,4
2699,4
2700,4
2701,5
2702,1
2703,2
2704,1
2705,1
2706,1
2707,5
2708,1
2709,3
2710,4
2711,5
2712,4
2713,2
2714,2
2715,5
2716,5
2717,1
2718,4
2719,5
2720,4
2721,5
2722,5
2723,1
2724,2
2725,2
2726,3
2727,5
2728,5
2729,2
2730,3
2731,3
2732,3
2733,2
2734,5
2735,2
2736,5
2737,3
2738,6
2739,2
2740,5
2741,2
2742,4
2743,2
2744,1
2745,1
2746,1
2747,2
2748,3
2749,5
2750,1
2751,2
2752,2
2753,1
2754,1
2755,1
2756,2
2757,4
2758,6
2759,1
2760,1
2761,4
2762,1
2763,5
2764,4
2765,1
2766,5
2767,2
2768,2
2769,4
2770,2
2771,3
2772,2
2773,3
2774,4
2775,4
2776,4
2777,1
2778,1
2779,2
2780,1
2781,3
2782,1
2783,1
2784,5
2785,5
2786,4
2787,2
2788,4
2789,5
2790,5
2791,2
2792,2
2793,2
2794,6
2795,5
2796,1
2797,4
2798,5
2799,4
2800,2
2801,4
2802,4
2803,3
2804,5
2805,4
2806,4
2807,4
2808,5
2809,2
2810,1
2811,4
2812,5
2813,4
2814,4
2815,4
2816,2
2817,3
2818,3
2819,1
2820,4
2821,4
2822,4
2823,4
2824,2
2825,4
2826,5
2827,4
2828,1
2829,5
2830,4
2831,4
2832,4
2833,3
2834,4
2835,5
2836,4
2837,4
2838,4
2839,4
2840,2
2841,4
2842,1
2843,4
2844,4
2845,4
2846,5
2847,5
2848,3
2849,3
2850,4
2851,4
2852,5
2853,5
2854,5
2855,2
2856,4
2857,4
2858,4
2859,4
2860,2
2861,4
2862,2
2863,1
2864,1
2865,4
2866,4
2867,5
2868,4
2869,4
2870,1
2871,5
2872,4
2873,2
2874,4
2875,1
2876,5
2877,2
2878,4
2879,5
2880,2
2881,1
2882,3
2883,3
2884,3
2885,1
2886,2
2887,1
2888,4
2889,2
2890,5
2891,5
2892,4
2893,5
2894,5
2895,5
2896,5
2897,5
2898,5
2899,5
2900,5
2901,5
2902,5
2903,5
2904,5
2905,5
2906,5
2907,4
2908,4
2909,5
2910,2
2911,2
2912,4
2913,1
2914,4
2915,5
2916,4
2917,4
2918,6
2919,5
2920,6
2921,2
2922,5
2923,1
2924,6
2925,6
2926,5
2927,6
2928,5
2929,5
2930,3
2931,6
2932,6
2933,4
2934,5
2935,5
2936,4
2937,1
2938,6
2939,6
2940,4
2941,1
2942,6
2943,5
2944,5
2945,5
2946,4
2947,6
2948,4
2949,5
2950,5
2951,5
2952,1
2953,5
2954,6
2955,4
2956,1
2957,5
2958,4
2959,2
2960,5
2961,1
2962,1
2963,4
2964,6
2965,1
2966,2
2967,1
2968,1
2969,6
2970,2
2971,5
2972,1
2973,2
2974,3
2975,1
2976,1
2977,1
2978,1
2979,2
2980,4
2981,3
2982,2
2983,3
2984,2
2985,3
2986,4
2987,4
2988,4
2989,4
2990,1
2991,3
2992,4
2993,5
2994,2
2995,5
2996,1
2997,5
2998,5
2999,6
3000,5
3001,4
3002,5
3003,4
3004,6
3005,5
3006,5
3007,6
3008,1
3009,2
3010,6
3011,2
3012,5
3013,1
3014,4
3015,5
3016,4
3017,5
3018,4
3019,6
3020,3
3021,3
3022,2
3023,3
3024,4
3025,5
3026,3
3027,2
3028,5
3029,2
3030,2
3031,2
3032,1
3033,3
3034,3
3035,3
3036,2
3037,3
3038,2
3039,3
3040,2
3041,1
3042,3
3043,2
3044,2
3045,3
3046,2
3047,2
3048,2
3049,2
3050,2
3051,3
3052,2
3053,3
3054,3
3055,1
3056,3
3057,3
3058,3
3059,3
3060,1
3061,3
3062,2
3063,3
3064,3
3065,2
3066,3
3067,2
3068,3
3069,3
3070,3
3071,2
3072,2
3073,2
3074,2
3075,2
3076,3
3077,2
3078,2
3079,3
3080,3
3081,2
3082,2
3083,2
3084,2
3085,3
3086,2
3087,2
3088,3
3089,3
3090,2
3091,2
3092,3
3093,3
3094,2
3095,3
3096,3
3097,1
3098,1
3099,4
3100,4
3101,2
3102,5
3103,4
3104,5
3105,4
3106,2
3107,5
3108,4
3109,3
3110,4
3111,2
3112,4
3113,5
3114,5
3115,4
3116,1
3117,4
3118,4
3119,4
3120,2
3121,4
3122,4
3123,2
3124,4
3125,2
3126,2
3127,4
3128,4
3129,6
3130,1
3131,1
3132,4
3133,2
3134,1
3135,5
3136,4
3137,4
3138,3
3139,4
3140,4
3141,4
3142,4
3143,4
3144,4
3145,2
3146,4
3147,4
3148,4
3149,3
3150,4
3151,4
3152,4
3153,3
3154,2
3155,2
3156,3
3157,4
3158,3
3159,4
3160,4
3161,2
3162,1
3163,1
3164,2
3165,4
3166,3
3167,4
3168,3
3169,4
3170,1
3171,3
3172,4
3173,4
3174,4
3175,4
3176,4
3177,4
3178,1
3179,4
3180,1
3181,4
3182,2
3183,1
3184,4
3185,1
3186,1
3187,3
3188,2
3189,4
3190,3
3191,3
3192,3
3193,1
3194,3
3195,2
3196,3
3197,2
3198,6
3199,4
3200,5
3201,4
3202,5
3203,4
3204,1
3205,1
3206,3
3207,4
3208,3
3209,1
3210,1
3211,2
3212,1
3213,3
3214,1
3215,1
3216,1
3217,1
3218,1
3219,1
3220,1
3221,1
3222,3
3223,3
3224,4
3225,4
3226,2
3227,5
3228,2
3229,3
3230,4
3231,4
3232,5
3233,3
3234,4
3235,3
3236,3
3237,3
3238,3
3239,3
3240,4
3241,4
3242,4
3243,3
3244,3
3245,2
3246,3
3247,2
3248,4
3249,2
3250,1
3251,1
3252,2
3253,6
3254,6
3255,6
3256,6
3257,6
3258,6
3259,6
3260,6
3261,6
3262,6
3263,6
3264,6
3265,6
3266,6
3267,6
3268,6
3269,6
3270,6
3271,6
3272,6
3273,6
3274,6
3275,6
3276,6
3277,6
3278,6
3279,6
3280,2
3281,6
3282,6
3283,6
3284,6
3285,6
3286,6
3287,6
3288,6
3289,6
3290,6
3291,6
3292,6
3293,6
3294,6
3295,6
3296,6
3297,6
3298,6
3299,6
3300,6
3301,6
3302,6
3303,6
3304,6
3305,6
3306,6
3307,6
3308,6
3309,6
3310,6
3311,6
3312,6
3313,6
3314,6
3315,6
3316,6
3317,6
3318,6
3319,6
3320,6
3321,6
3322,6
3323,6
3324,6
3325,6
3326,6
3327,6
3328,6
3329,6
