stu,ability
0,-0.0011055518272593942
1,0.06513012218897564
2,0.12666186798871443
3,0.005035822221639066
4,0.039686379126412125
5,0.06278906909070157
6,0.036072209398361414
7,0.03598394805583413
8,0.04096185552251248
9,0.030506663098896193
10,0.0637350772429302
11,0.032653254686890724
12,0.03385594222119115
13,0.04860635083532181
14,0.015199486126237232
15,0.0355455774379124
16,0.02744678517035191
17,0.025127138837458995
18,0.03281844735386151
19,0.026490602102886715
20,-0.005069400754017026
21,-0.006710066892591243
22,0.0826819379593958
23,0.009761364597288952
24,0.012353423421436818
25,-0.0021242591816307646
26,0.06433158408558158
27,0.06580042207098018
28,0.03104171647958557
29,0.11949914501774758
30,0.25649448847315903
31,0.08618328588678065
32,0.16483691196018427
33,0.11545559772608138
34,0.09972335480003826
35,0.10891029235065519
36,0.0928052880538153
37,0.17606189703487807
38,0.15173106626600955
39,0.03814337025268044
40,0.21455551912784626
41,0.06539589822193018
42,0.1340932473723537
43,0.01223207336712219
44,0.0026703506667024855
45,0.014965167386463784
46,0.027840399860793907
47,0.05383837299403361
48,-0.0062603528123998334
49,0.04721873369641794
50,-0.011359932677005361
51,0.07977217493377443
52,0.1046004023227708
53,0.0441643008549951
54,0.002727681896123608
55,0.007095555881829543
56,0.05437165115863285
57,0.12806771235228528
58,-0.020943911619241466
59,0.05001259625796365
60,0.17846275777202872
61,0.1465273634642819
62,-0.021674091834767595
63,0.03695207166865395
64,0.11503959657790665
65,0.06491194780865679
66,0.04635714059270926
67,0.06906199185475918
68,0.04670446634325644
69,0.0631949306987764
70,0.07446390483939389
71,0.015023904115103863
72,0.0945426833979908
73,0.08424384325268913
74,0.0843742225575692
75,0.03878776726173692
76,0.045292473293903644
77,0.06770683129365977
78,0.06634694512004374
79,0.09222174707883432
80,0.010589184936550597
81,0.04538133399461632
82,0.0767687902380754
83,0.07067557387183723
84,0.04114177887243344
85,0.0745441081741774
86,0.11210809451359409
87,0.05875993166385667
88,0.05464851040644433
89,0.0396991420711385
90,0.08315744723728384
91,0.011300185729095311
92,0.09077101684714468
93,0.09983758723486758
94,0.05329411145184082
95,0.0815965337131899
96,0.09273865881027052
97,0.041458609563207974
98,-0.014228448741042026
99,0.049252001025525384
100,0.08736743769831797
101,0.07952135455788333
102,0.043115797206609234
103,0.07032783325810057
104,0.035632572459567344
105,0.02945693402272626
106,0.11293990759204976
107,0.04548416589044489
108,0.047823373743217816
109,0.1059410748779299
110,0.028946316353273167
111,0.02954853216151892
112,0.009424543733426917
113,0.01971554092126597
114,0.019683376862123143
115,-0.006191022260636081
116,0.021568359500427823
117,0.013138959652150294
118,0.0010183969160032454
119,0.007569295590814252
120,0.004544721030597081
121,-0.009499806941013069
122,0.03057381554395171
123,0.014098989108737095
124,0.004533423401738782
125,-0.010445364796317243
126,0.0
127,-0.0050551510514220965
128,0.009226804597363622
129,-0.0050919845041397455
130,0.0050919845041397455
131,0.0008086592615804183
132,0.02045024908172601
133,-0.0013115252991650437
134,0.04479712600682853
135,0.27093733593978947
136,0.321774078617269
137,0.3381652301169426
138,0.28569726385127964
139,0.27903336374875976
140,0.2420990374526566
141,0.02183744721653222
142,0.24087748419965976
143,0.3115960227288496
144,0.2744630402572309
145,0.2746103436342376
146,0.2994792644087891
147,0.28836999470198504
148,0.31546088919310084
149,0.2917487326092788
150,0.2765731551311662
151,0.2888838332732901
152,0.2726861623909446
153,0.30188932330461893
154,0.26338279918083285
155,0.27482492517102386
156,0.26160451931237144
157,0.3382632526449234
158,0.03841114868140772
159,0.2888372859017201
160,0.2858610488537517
161,0.25641725192732184
162,0.24403059032290664
163,0.23767737066638492
164,0.06666164387875304
165,0.32627957066726787
166,0.2794774025972193
167,0.29871206899199276
168,0.30228077914517026
169,0.2337645145889624
170,0.03192515573440382
171,0.23673601115260579
172,0.05529684242350547
173,0.030184180595639935
174,0.013916677688695705
175,0.04260826945538484
176,0.09654362014542493
177,0.07308180136919873
178,0.06372784223902364
179,0.09315543981766367
180,0.13669171392930507
181,0.005035822221639066
182,0.08454229168071152
183,0.18943345651431112
184,0.18222451159932918
185,0.14379161361580872
186,0.0044360424379808715
187,0.019183474789400884
188,0.0068080596190973714
189,0.004084483318597758
190,0.008769960017362096
191,-0.008716292327577986
192,0.00021631089629400835
193,0.006362750020239626
194,0.0040243333632647696
195,0.026823837533064585
196,-0.0045392312447888475
197,-0.014149352129093191
198,0.03240285894301974
199,0.001124200064145796
200,0.0310955666539327
201,0.03080056103156056
202,0.006593481936229937
203,0.005821320784275653
204,0.009723177030504673
205,-0.0131369399404711
206,-0.014322637302425676
207,0.03553300375402456
208,-0.0023847350778982675
209,0.029223029473282255
210,0.006733950713336065
211,0.02177146940237115
212,0.00887559712504837
213,0.019015932563930277
214,-0.015662925620765083
215,0.0036081224915416707
216,-0.012082078976351175
217,0.008585656726977428
218,-0.0037402869019921574
219,-0.019170174104113525
220,-0.015355793041462524
221,0.012349749153776327
222,-0.002222299635309576
223,0.03234101311468045
224,0.012161866907367728
225,0.0038882338442676715
226,0.01707726177766603
227,0.13275691682191829
228,0.1059191884869166
229,0.016276245558750076
230,0.003847716759180266
231,0.05625493725132859
232,0.047824630550454474
233,0.10394838375461088
234,0.06572528264481142
235,0.07834016516252225
236,0.21993379108702893
237,0.023615017695251244
238,0.030290084563048183
239,0.062022457911487056
240,0.007877740887150946
241,0.10539348914286392
242,0.046327063391436996
243,0.21644384287084284
244,0.2717928295001179
245,0.26508490771444815
246,0.2506594359084549
247,0.16603006220339356
248,0.21044185156479583
249,0.19694934557184476
250,0.1949548408881503
251,0.005264238054688823
252,0.19707979725351463
253,0.2407314573333368
254,0.198241843438795
255,0.07163805898786182
256,0.19964551123260424
257,0.2339574639270125
258,0.2523455696151462
259,0.21699881448678465
260,0.04978274831439612
261,0.25942112403451445
262,0.22228518683214685
263,0.13915236396717978
264,0.19161057462121273
265,0.2602577020181257
266,0.27758061442544546
267,0.24555998888540742
268,0.16530312625927726
269,0.20761870957973674
270,0.003873086233780331
271,0.017334688364787226
272,0.021655700236627665
273,0.008798574057713672
274,0.004434462924210608
275,0.044318206219188694
276,0.02143314759248435
277,0.054124460616994025
278,0.0019549589545232093
279,0.03488482302311891
280,0.014796477698744537
281,0.030242855739233795
282,0.02814672083455587
283,0.08258742603655765
284,0.06777503710662253
285,-0.01685268213026551
286,0.2976551008664865
287,0.04090881443951543
288,0.077316914976133
289,0.057733062354998144
290,0.24310413972464498
291,0.09799014575425155
292,0.23885005930511502
293,-0.00037433578865839087
294,0.07641026631243401
295,0.06996065632954387
296,0.025701288464039015
297,0.011339258612092031
298,0.03470682044781452
299,0.031534844513717804
300,0.04429113115027281
301,0.060672715251520196
302,0.07108151697903296
303,0.017409459334439496
304,-0.009996805817942597
305,0.022050756808556494
306,0.0015440430783209187
307,-0.010663777372652393
308,-0.007135637162683455
309,0.017246424156330025
310,0.02107490216229934
311,0.0011420132259642843
312,0.01326750051228374
313,-0.005050876700229681
314,0.005521751456105743
315,0.00984593038719498
316,0.00795082280074457
317,0.028514721200841742
318,-0.021651922993490728
319,-0.007100412131827565
320,0.015195525389265996
321,0.014523399032848565
322,0.005695538601182483
323,0.01371514587194284
324,-0.00017813265187883613
325,0.002690948789186323
326,-0.0047158141029398915
327,-0.009499806941013069
328,0.03757887692787731
329,0.04464901523088533
330,0.007094600296843497
331,0.06730610304940735
332,0.0513219692610862
333,0.09354575530347992
334,0.036663258396014614
335,0.11177907679396373
336,0.14254459265883732
337,0.03634672296887665
338,-0.011245942216930066
339,0.0008117277563101874
340,0.027726878659969072
341,0.06625647379227566
342,0.0735415140846397
343,0.021959651217197493
344,0.02914464854714115
345,-0.0016061906243054155
346,0.014245909164966592
347,-0.005323285990374602
348,0.010181737942170583
349,-0.0005985060736535665
350,0.014802605417279452
351,0.03969413456840117
352,0.02330962011941061
353,0.008231665354177584
354,0.009720873552018587
355,0.032776751976869654
356,-0.0048416813801866595
357,0.00851611743357295
358,0.025874319804282505
359,0.009916793339257097
360,0.02660568420199909
361,0.004449553694949552
362,0.02114832938694048
363,0.018161474351440304
364,0.010390859737332189
365,-0.0036489938400428214
366,0.014347773531431629
367,0.040842913175733714
368,-0.017128128605390536
369,0.021696625013783614
370,-0.006794621627089354
371,0.029871705612937356
372,0.0034745503774388556
373,-0.005438933842368387
374,0.05934767196009569
375,0.049773586625607755
376,1.0766403836236712e-05
377,0.022431530364825508
378,0.007557439766212737
379,0.005627102758459317
380,0.006005165541143522
381,0.0035476072235012006
382,0.003554476214052673
383,-0.0010325939999310304
384,0.0030213001124031985
385,0.0077273775943346844
386,0.028933195278074968
387,0.02867381452484508
388,0.006128237262428396
389,0.00470825832223274
390,0.025196694313974612
391,0.0052419822441928075
392,0.015124221147666919
393,0.030173209298912755
394,0.02966801574970411
395,0.03337367325356969
396,0.035121859333107616
397,0.016897030224755586
398,0.018230702095545514
399,0.01607469112794234
400,0.027026078684442744
401,0.026272230814175943
402,0.013534566311750372
403,0.0017310171245821977
404,0.03135545453268488
405,0.025140973914277845
406,0.013203484282991267
407,0.024557876884338227
408,0.020245743820425596
409,-0.014938740783381456
410,-0.011108528931974365
411,-0.008552716409986328
412,-0.009332276542154365
413,0.0025764321520237135
414,-0.021589445442845124
415,-0.01866785515849533
416,-0.01858476603073577
417,-0.014530661513329551
418,-0.02830236773474736
419,-0.009762091613636297
420,-0.001797831007068229
421,-0.005089358537900292
422,-0.004060873098644681
423,0.0045476502830598614
424,0.021190822757832354
425,0.24629138621385213
426,0.231063875228992
427,0.061254973226649766
428,0.28226408078401255
429,0.007703222098319253
430,0.11341058491429316
431,0.09702533609989632
432,0.04444085147509862
433,0.025401335770503068
434,0.008000349170633182
435,-0.0018770719174082838
436,0.08688737607890877
437,-0.001007164459335733
438,0.11374280207336428
439,0.3337766513991887
440,0.06191700298200935
441,0.1035409080134836
442,0.09134272255535242
443,0.08063536254002217
444,0.037086316613507364
445,0.16910724076766853
446,0.11398414896736463
447,0.2206268834020692
448,0.17030422203845832
449,0.1452384273397565
450,0.0026474566555185894
451,0.06407868100797241
452,0.18356128783602618
453,0.2519507369540181
454,0.026300668191522256
455,0.12163132213393968
456,0.2347130839234415
457,0.08173451258917093
458,0.18269379411997166
459,0.19959477723440008
460,0.09742226394773035
461,0.046673880655942135
462,0.04759144188952566
463,0.004170425980722419
464,0.03447405606421842
465,0.015089885609773208
466,0.04718380427672286
467,0.0350616551086994
468,0.007242586642180553
469,0.027578036492449613
470,0.05711629260192421
471,0.03690496290335893
472,0.04760366511690077
473,0.04609349918515502
474,0.047250877435239654
475,0.036687577052433
476,0.03696123702394181
477,0.01091525983982427
478,0.006024852077033406
479,0.005789367764387748
480,0.04230186745024799
481,0.052414754527545404
482,0.053605510560290386
483,0.011776389383653064
484,0.00650721897249465
485,0.055995958601720484
486,0.03792765839014757
487,0.032857899926097056
488,0.046697817300118245
489,0.044092183055791025
490,0.007378391675542862
491,0.029282396104896496
492,0.029503862883831514
493,0.04998086750017549
494,0.03483827531878863
495,0.04180984975179262
496,0.04886105305756197
497,0.05499181039938838
498,0.04056617885464712
499,0.05072104085145425
500,0.009744794494217461
501,0.040530728368323145
502,0.0419757055785387
503,-0.024373580857868754
504,0.031074146587890483
505,0.01613432511695153
506,0.00039382559829000954
507,0.0006878569116714346
508,-0.004025424894734326
509,0.0011190216999940109
510,0.007234135424118548
511,0.010512189292622327
512,0.024923069903502744
513,0.019326487310300084
514,0.02890465168670136
515,-0.0008719738578687292
516,-0.0007993012381024685
517,0.0013452767535896473
518,0.0003618605637304275
519,0.009189329261940353
520,0.025885204807231096
521,0.04783333265011628
522,0.055848501888007634
523,0.023632198762947993
524,0.008021033689031684
525,0.01683258385082774
526,0.010828356269462457
527,0.005595108416596443
528,-0.005595108416596443
529,0.003956081409074337
530,-0.0003618605637304275
531,0.0003618605637304275
532,0.01574543714548834
533,0.0011190216999940109
534,-0.011463535732601187
535,-0.005595108416596443
536,-0.005391434540931526
537,0.0051572048149991345
538,0.0019082189792934449
539,-0.006886240432864592
540,0.015123354609872013
541,-0.004627808003598236
542,0.011214533958297138
543,0.014390445413661631
544,-0.008447539206375603
545,-0.0011685789510305158
546,0.015622943381643545
547,0.012480391644081438
548,0.002581077173167868
549,-0.00908076297041232
550,-0.010069763957561956
551,-0.0207922894890925
552,-0.0023827473236268074
553,-0.0207922894890925
554,-0.02810795409824276
555,-0.002710814832144086
556,-0.011036024382471747
557,0.0009890009871496362
558,-0.04593853212706882
559,-0.031325638337296076
560,-0.013968633306708837
561,-0.005699013833869489
562,-0.0207922894890925
563,-0.012522670016253155
564,-0.005699013833869489
565,0.07200343321540509
566,0.0013736239053149923
567,0.04551474071818814
568,0.10294099362929753
569,0.08201316058274509
570,0.09384896176585812
571,0.08422828688299304
572,0.030206532743078596
573,0.08006719390379456
574,0.04343068091818183
575,0.07305787186506747
576,0.015937393406853715
577,0.0714029158470916
578,0.005714574019413719
579,0.10489889610586539
580,-0.02941581117665715
581,0.0071573689924259755
582,-0.012500171406609091
583,0.00409419387211884
584,-0.017002960337512873
585,-0.011036024382471747
586,-0.0006755021362084338
587,0.04207616711602697
588,-0.01529456996283252
589,0.002708236326079314
590,-0.013285605448900381
591,-0.005438933842368387
592,-0.010321157698344376
593,-0.031396449804615534
594,0.006529134901264878
595,-0.018267325814583832
596,0.017423646055927847
597,-0.02744897247596741
598,-0.010424630476832545
599,-0.01252978132287372
600,0.06160552465082641
601,-0.041352507158582665
602,-0.003204950971141611
603,-0.01087286775300556
604,-0.019196898319783322
605,0.00648569976368341
606,0.002457646406504347
607,0.009454419730651526
608,0.0
609,0.015963085104358406
610,0.04636049546018237
611,0.025906308892709257
612,0.0038320339682203063
613,0.0029271531335167285
614,0.0025886387010209937
615,0.0044128676687574565
616,0.004077105941957342
617,0.00666744104563069
618,0.009440182461213779
619,0.0023297748471198575
620,0.0035616097548572946
621,0.16191673161656894
622,0.026584547311895506
623,0.050098166236501214
624,-0.003233565107459298
625,0.0053415847396471785
626,-0.014938740783381456
627,0.021966985012083027
628,0.0010904674847534285
629,0.010323816978822184
630,0.0039039112120401918
631,0.019906051555367718
632,0.011796514789546008
633,0.02083369656046708
634,0.01607612334592672
635,0.002760413470621009
636,0.015164306668516214
637,-0.0025194516047695042
638,-0.009677429866732885
639,0.0043591890417151655
640,0.014782936459544004
641,0.0035268916429148436
642,-0.002761415910856197
643,-0.013947557588393117
644,0.02214636334391706
645,0.005181754397142797
646,0.0187019803548567
647,0.00690305039011962
648,0.013667343080436857
649,0.016063663339745415
650,0.032971641562349704
651,0.012086191029172414
652,0.014888978139384473
653,0.014238546241414001
654,0.00947086762921969
655,0.01108335878404506
656,0.013953370350504916
657,0.016342128906286172
658,0.017090007867131152
659,0.011239823832981641
660,0.011824222005939291
661,0.035689359228194134
662,0.06817711289816394
663,0.01429616761509486
664,0.01748379031104069
665,0.02237504726047007
666,0.0015640517000763085
667,-0.006432065631265341
668,0.007052287164900734
669,0.005945211267361187
670,0.005624035202173098
671,0.006756661534002991
672,0.01685911541295751
673,0.01694261581345193
674,0.0032459508369735057
675,-0.0034594599975847472
676,0.010647546899834154
677,0.02609692960984046
678,0.02730780611539294
679,0.00967244275709752
680,0.01838978958343722
681,0.005945211267361187
682,0.01534988253230712
683,-0.0034594599975847472
684,0.023728345855253765
685,0.023681072773249864
686,0.014988625354473276
687,0.03290291453198938
688,-0.009404671264945935
689,0.02689040184717869
690,-0.0009592347113171604
691,0.0234503522794303
692,-0.00313489051507566
693,0.011803994740895368
694,0.020373394229968176
695,0.005431271999503
696,-0.009404671264945935
697,0.021866890149517634
698,0.010647546899834154
699,-0.0034594599975847472
700,-0.0034594599975847472
701,0.014360881545157484
702,0.012377276898626527
703,0.01765926563161772
704,0.020373394229968176
705,0.01881553330801186
706,-0.006432065631265341
707,0.009645208696306355
708,0.0078093566304742465
709,0.009404671264945935
710,0.023048050458516538
711,0.020373394229968176
712,0.007308744211120797
713,0.010478614238040744
714,0.03290291453198938
715,0.00967244275709752
716,-0.009404671264945935
717,0.025455112876254
718,-0.0034594599975847472
719,-0.0034594599975847472
720,0.0
721,-0.010370931689855726
722,-0.0034594599975847472
723,0.0169071207442012
724,0.009418184843079738
725,0.019629761055033303
726,-0.0009051118049299127
727,0.02075443295015884
728,0.005266083174565799
729,0.009216576927256534
730,0.02076096085246773
731,0.014400924447349903
732,0.03490076347667327
733,0.020812046529172103
734,0.026609855301549298
735,0.007512344646551846
736,0.032414048773072385
737,0.02992733377766386
738,0.03490076347667327
739,0.023973941724032322
740,0.02724109826477106
741,0.03252267911147368
742,0.026120147152710167
743,0.03490076347667327
744,0.023175563111618308
745,0.03042467676007084
746,0.03166189325253491
747,0.032414048773072385
748,0.02708459165401098
749,0.02967866230730377
750,0.011625681206198744
751,0.04093462518617412
752,0.005438933842368387
753,0.004926957026370426
754,0.017721187791480176
755,0.07054821089926668
756,0.06488989895247582
757,0.05071099275624775
758,0.05888516145216906
759,0.046992349184646856
760,0.026879696278756873
761,0.01737107543992851
762,0.004204030189269748
763,0.011187952704244206
764,0.0480584475012505
765,0.03945479167888205
766,0.042161771834456865
767,0.0023465006789751817
768,0.010385532081743244
769,0.008570471729311123
770,-0.005973524946900082
771,0.0022554817415714893
772,0.00033066867489163455
773,-0.003000919313219488
774,0.010417757543330096
775,-0.0037135225140013934
776,0.008255403973479973
777,0.007187510990154161
778,0.008488264429566697
779,0.0006863725637793372
780,0.010747153834723897
781,0.0032059031059317135
782,0.006229375024409498
783,0.006229375024409498
784,0.006229375024409498
785,0.006229375024409498
786,0.003114687512204749
787,0.006229375024409498
788,0.0015573437561023746
789,0.006229375024409498
790,0.006229375024409498
791,0.0026697321798397626
792,0.015136037584879428
793,0.012655427895175894
794,0.035547584947073406
795,0.007042868175292549
796,-0.001960486391600524
797,0.0059175744219946294
798,0.007132930799936408
799,0.010747153834723897
800,0.007349312996705008
801,0.004073720565753097
802,-0.0052655881212154915
803,0.010747153834723897
804,0.008255403973479973
805,0.024266487846516846
806,0.04782102260255306
807,0.055386191245148236
808,0.03452262070303369
809,0.022303051537700937
810,-0.024044003749789912
811,0.0005275286039686795
812,-0.001865036194447889
813,-0.005647703159970656
814,-0.0033570651833556456
815,0.0
816,-0.012109442190531746
817,-0.004652452303784196
818,0.010675266523597002
819,0.016715285634312762
820,0.011003555997594701
821,0.012643350673020257
822,0.006229375024409498
823,0.006229375024409498
824,0.006229375024409498
825,0.006229375024409498
826,0.0075142286057291235
827,0.06292734958221531
828,0.08478971790187131
829,0.07349622844724128
830,0.07550055427957544
831,0.07087972309615623
832,0.07537455990800318
833,0.06664606994529042
834,0.06671747023329638
835,0.08057844141875306
836,0.0018996713345711125
837,-0.0003648620036081708
838,0.0017115962140950998
839,0.05988995581535495
840,0.04663468544680573
841,0.001749802497398462
842,0.08522748343814289
843,0.07462445986654284
844,0.04670273222101115
845,0.08580014050160147
846,0.0806486327811155
847,0.04783752460538439
848,0.0584112028707033
849,0.06724101993586044
850,0.1098616308628644
851,-0.020970852028262724
852,0.024740386565020242
853,-0.041304114632724744
854,0.008788285051842008
855,-0.022230607002116116
856,0.06243515566285013
857,0.07087821521376456
858,-0.00990903648073139
859,0.015270331611487177
860,0.005125004097359763
861,-0.023994247929826358
862,0.04060856132589453
863,0.011104804441090896
864,0.05814871482718674
865,0.006335781334949519
866,0.010486942178384594
867,0.037335096420170966
868,0.06047192588618253
869,0.024971078579736624
870,0.006422831470491435
871,0.03599286461044412
872,0.02455820176446459
873,0.04899147757740804
874,0.02136165593929319
875,0.012556167114117582
876,0.00793597802079417
877,0.010639982089983596
878,0.0036787857347959896
879,0.006584966165396993
880,0.015896597732111276
881,0.009336661499720839
882,-0.0004134821351770022
883,-0.026717171293891943
884,-0.0047477574003445665
885,0.031627965214992476
886,0.0012091741785174874
887,-0.008703218169202798
888,0.0051311502608716525
889,-0.01081324992333771
890,0.004890693604051053
891,0.007793118914071049
892,0.009480913689942944
893,0.0
894,0.0342857168210761
895,0.021897810769557966
896,0.04156281794563949
897,0.02410147564096459
898,0.027102305822285084
899,0.029973459862367796
900,0.02361606983266959
901,0.03908565998149383
902,0.034266054578188564
903,0.07387419409302395
904,0.02850998074463273
905,0.033603614294244945
906,0.0051519169628925715
907,0.004718843374436986
908,0.0035983457723534496
909,-0.010528998257954308
910,0.002087759941813088
911,0.03542340511774498
912,-0.0047477574003445665
913,0.004713482520231664
914,0.00407228735768294
915,0.008784630277749705
916,0.025914127838050294
917,0.0428676144734816
918,0.039419220037076784
919,0.02103994643283081
920,0.018970758144434156
921,0.026681597851762356
922,0.02259313844076489
923,0.028742412347598577
924,0.03480097955886203
925,0.017747873475646176
926,0.041207109285069585
927,0.020185605277241767
928,0.02377094587813042
929,0.02762700243826545
930,0.030861919311345735
931,0.04894781422814543
932,0.02665116923786844
933,0.017710230742985472
934,0.0012595841739523517
935,0.015617086913168906
936,0.005887208253258607
937,0.018486322814085125
938,-0.01340892621263514
939,0.0027884107508469305
940,-0.0010826987420208363
941,0.0040143943231946335
942,-0.001693541973105075
943,0.00991642971784076
944,0.0004198734999641312
945,0.00203614367884147
946,0.08133103592780709
947,0.039794563600029476
948,-0.010295043086016285
949,-0.010035187194848846
950,-0.014694138404636344
951,-0.0035879212713231154
952,-0.009985342614829976
953,-0.004411847031516489
954,-0.006872868350091918
955,-0.007115947044578064
956,0.0006375772613449018
957,0.014705538751639663
958,0.00500439361084323
959,0.004973102647040812
960,0.012403893197895205
961,0.0025821878208034353
962,0.00573819530935123
963,0.030471356671222607
964,-0.029898187702174877
965,0.11454122295443475
966,0.009316634111152352
967,0.10067145198613575
968,-0.00650611153436051
969,0.005969581041623543
970,0.020520499704919537
971,0.009918294702894785
972,0.010051568533538106
973,0.00615691121653933
974,0.0015711338127324614
975,0.005183135210785789
976,-8.760843686955506e-05
977,0.0079968815275283
978,0.004661972055510063
979,-0.0018933767467248467
980,0.0
981,0.0005715546780831266
982,0.009316634111152352
983,0.00825097657683882
984,0.007165475118775213
985,0.010327434980191933
986,-0.00954402105120954
987,-0.004797350974182804
988,0.022116764413451496
989,0.018447424937464506
990,0.01400874797725621
991,0.03656754479387449
992,0.014619559253277405
993,0.018145429844300922
994,0.01941594477026781
995,0.02057333072247273
996,0.024420949884364586
997,0.023935444351226454
998,0.022417742316603192
999,0.02470338538666332
1000,0.011961843178594887
1001,-0.007111449088624953
1002,0.006229375024409498
1003,0.006229375024409498
1004,-0.015313778513963898
1005,-0.0040980597701325925
1006,-0.010548959551426505
1007,0.006229375024409498
1008,0.012403893197895205
1009,0.012403893197895205
1010,0.03064555801739564
1011,-0.018325905344654544
1012,0.011357120066867635
1013,0.012861029836623832
1014,0.019135602586806154
1015,0.007397287947068479
1016,0.020146021332248774
1017,0.0031301764061999167
1018,0.017283688877883913
1019,-0.0035754522369001902
1020,0.012403893197895205
1021,0.015161868417092038
1022,-0.01023282684541477
1023,0.016879979997871247
1024,0.015760958381250852
1025,-0.015518223122778535
1026,0.011115002611072032
1027,-0.0008559699752815069
1028,0.007252914479245853
1029,0.001598602476204937
1030,-0.003584912201437513
1031,0.004510478610955681
1032,-0.004646900311014322
1033,-0.0014053463041495437
1034,0.012216989107374978
1035,0.02879233262219429
1036,0.00511261225000539
1037,0.016108791541388362
1038,-0.00836204613582623
1039,0.01799900161449165
1040,0.01080940218219745
1041,0.011463535732601187
1042,0.012783967177304303
1043,0.011463535732601187
1044,-5.1900371455632225e-05
1045,0.011515436104056817
1046,0.012403893197895205
1047,0.012403893197895205
1048,0.006229375024409498
1049,0.009934086075712906
1050,-8.964120497828892e-05
1051,0.0062603528123998334
1052,-0.009008140677630113
1053,-0.02746698810138552
1054,0.014194184735686
1055,-0.001657520069842666
1056,0.09828947195121555
1057,0.008185307302405352
1058,0.008287547810243061
1059,0.028834838543267315
1060,0.008403390422094743
1061,0.00573819530935123
1062,0.030132418094501935
1063,0.004768206151385863
1064,0.00573819530935123
1065,-0.0018260605712465709
1066,0.0020306658079770772
1067,0.0
1068,0.0327047870344947
1069,0.011583456156642873
1070,0.006446166057855223
1071,4.1718538036852406e-05
1072,-0.019373817548921972
1073,0.005580902250510304
1074,0.007371685729828646
1075,0.00023047823565746625
1076,-0.0027300874075866168
1077,-0.01317144685150516
1078,0.010856188254823549
1079,0.00352628271415262
1080,0.007163488062416342
1081,0.002668623013104346
1082,0.0020657503934519853
1083,0.00573819530935123
1084,0.0034429173224199755
1085,0.0
1086,0.012132369860044168
1087,-0.004098711032971763
1088,0.002163703395450026
1089,0.005391995228407836
1090,0.0025228975737322207
1091,-0.0007622233807559877
1092,0.0025228975737322207
1093,0.006542251559219584
1094,0.00467360696798765
1095,-0.0012300275181413667
1096,4.614173118510388e-06
1097,0.00041525427101298527
1098,0.005391995228407836
1099,-0.008975025852642713
1100,0.013100189092266321
1101,0.008969642650724596
1102,0.008261092883083451
1103,-0.0046013226342160665
1104,-0.005408454544253717
1105,-0.0005669000583906385
1106,-0.0007622233807559877
1107,-0.0016130320697276231
1108,0.003836229886399875
1109,0.025443792943007915
1110,0.022276823727317378
1111,0.012738689643234293
1112,-0.011487157022538698
1113,0.006330751405305101
1114,0.0011476390789714008
1115,0.007436064742817463
1116,0.0040816961474218275
1117,0.009246352509447471
1118,-0.002362281806940724
1119,0.015868430423849694
1120,0.015272272045227603
1121,-0.05134973972473467
1122,0.1038828808437954
1123,0.02071278906081876
1124,-0.02330865960731171
1125,0.0027975542082982214
1126,0.00010922475808851237
1127,-0.0010959771590986218
1128,-0.005035822221639066
1129,-0.0027975542082982214
1130,-0.004182258181769227
1131,0.01679013588225616
1132,0.0
1133,-0.006349816906046169
1134,0.00800753384291565
1135,0.0007695200246676801
1136,-0.006174518173485706
1137,-0.008454488937902694
1138,-0.011465328450921724
1139,-0.008605559943119918
1140,-0.018213554019037265
1141,-0.00814911424706657
1142,0.004730897758647216
1143,-0.0028654734880797176
1144,-0.012349910681274962
1145,0.008418110197516936
1146,-0.0008197422236955071
1147,0.0062603528123998334
1148,-0.020137546902323968
1149,-0.01602250530940516
1150,0.001245875023446884
1151,0.03598787209290763
1152,0.007359644885824423
1153,0.023167211898716917
1154,-0.006907749933786918
1155,-0.005105713593078545
1156,0.0
1157,0.0025528567965392725
1158,0.004901392770053707
1159,-0.012712453103519249
1160,-0.008101663780382051
1161,-0.003073069431099515
1162,-0.005105713593078545
1163,-0.010921396742021078
1164,0.01946291040494757
1165,-0.00688107818618796
1166,-0.0012156460972130374
1167,-0.016558953776113442
1168,0.007073761845087572
1169,-0.021924187467585073
1170,0.010335317917770452
1171,-0.0024557741669490652
1172,-0.004625612783710183
1173,0.032984979780096776
1174,0.015258792034716653
1175,0.0
1176,0.007895682555072288
1177,0.0020422854676638426
1178,0.005105713593078545
1179,-0.029849068597634806
1180,-0.006837265735092858
1181,0.0011346030291375724
1182,0.013032063539628436
1183,0.0021881629901996796
1184,-0.01034401589212918
1185,-0.0028905542716833772
1186,0.009612608910055684
1187,0.005143661774730559
1188,0.016197828535302237
1189,0.0058699321996944715
1190,0.0026799148881657057
1191,0.010792650927313147
1192,0.007235731482859422
1193,0.01708790090109758
1194,0.017693997518885292
1195,0.020007471758775167
1196,0.01695017090912726
1197,0.008606707321897783
1198,0.014256018182229994
1199,0.009818419836709872
1200,0.02438394480122992
1201,0.002719783813931654
1202,0.01395078639709752
1203,0.015080514732404737
1204,0.0053598297763314115
1205,0.015074973753075035
1206,0.018478494069467416
1207,0.015080514732404737
1208,-0.0009771112040711685
1209,0.007979430727840076
1210,0.015939023687582012
1211,0.015080514732404737
1212,0.00940040537387567
1213,0.004449650013341467
1214,0.015378036810867874
1215,0.00336498972659714
1216,0.0010719659712398197
1217,-0.019288752780910603
1218,0.01678193591517837
1219,0.010354054338095425
1220,0.006108430854478983
1221,0.003824290217913026
1222,0.007856220503514902
1223,-0.004441071981752481
1224,0.0061693285509491725
1225,0.008113307751204387
1226,-0.0053598297763314115
1227,-0.01490238644778963
1228,0.012786436335493426
1229,0.0036523238636794585
1230,0.001981737148180763
1231,0.022199362769080154
1232,-0.03097006375487047
1233,0.002031948199825814
1234,-0.007918295612658402
1235,-0.0067781990370642045
1236,-0.00014713321497868674
1237,-0.0047477574003445665
1238,0.029089299859465637
1239,0.011652312406928092
1240,0.05419783551009103
1241,0.0034157471881522444
1242,-0.0047477574003445665
1243,0.0028147800739402556
1244,0.001687704573166881
1245,-0.01222282323886182
1246,0.03162786980107766
1247,0.011550928876486845
1248,0.017995518535200945
1249,0.02799274780904852
1250,0.00987786792641001
1251,0.014339835780747642
1252,0.036664370443279554
1253,0.00983404775701061
1254,0.012270050922809446
1255,0.012636467853899987
1256,0.0009001448928343306
1257,0.020112443191947202
1258,-0.0016249255828081584
1259,0.03506835476268649
1260,0.012333706613653267
1261,-0.0051082248765490145
1262,0.03064793960742669
1263,0.016855432603246574
1264,0.012649311365322602
1265,0.011855429168487495
1266,0.07162910823343112
1267,0.0203999351292681
1268,-0.008337037179816821
1269,0.024142427850535882
1270,0.006229375024409498
1271,0.0024592265855807485
1272,0.0019127318267875924
1273,0.004303646482013423
1274,0.005063113548489096
1275,-0.0017916294587973524
1276,0.000959667458526118
1277,0.009409507736539464
1278,-0.001542945778367776
1279,-0.00016971699734181052
1280,0.00663893304259502
1281,-0.009318985981312368
1282,0.006130090536870626
1283,0.05307654905972455
1284,0.01977179483995014
1285,0.03833348401621138
1286,-0.03433429899851332
1287,0.06064475763037771
1288,0.0026759214456325985
1289,0.024983227125661377
1290,0.006749524037285029
1291,0.06612838767267262
1292,0.06101456451156956
1293,0.020825536273976816
1294,0.0013987771041491107
1295,0.022674462534242025
1296,0.00413551493111452
1297,0.005400355131328952
1298,0.00573819530935123
1299,0.03079156357717683
1300,-0.005562443721998995
1301,0.0011476390789714008
1302,0.005020920895682327
1303,0.028191016642678965
1304,0.019384771180757356
1305,0.016383907369587638
1306,0.009578007690372845
1307,0.0024066390665618376
1308,0.0017115962140950998
1309,0.02348726645769746
1310,-0.007079698736663017
1311,0.005135925176760521
1312,-0.0020347531917896994
1313,0.004957428280599013
1314,0.05246744106770023
1315,0.07761318728285843
1316,0.0
1317,0.004535207970541598
1318,0.010613646579007754
1319,-0.005035597441539018
1320,-0.009810049824770349
1321,0.017744995497451375
1322,0.01725105291667763
1323,0.0033570651833556456
1324,-0.005595108416596443
1325,0.005790790052725444
1326,0.0036515787710374933
1327,-0.002650314574557819
1328,-0.008925007155554852
1329,0.0013987771041491107
1330,0.0
1331,0.0033570651833556456
1332,-0.0003730072472269391
1333,0.00031908370321148184
1334,0.006642823280259023
1335,-0.0010172924696988485
1336,-0.0023979036309337933
1337,-0.0033128766828880375
1338,0.0008834381359368647
1339,-0.0027975542082982214
1340,-0.0036203643872663276
1341,-0.0011190216999940109
1342,-0.0007993012381024685
1343,-0.0003291240257317556
1344,-0.0006216787175870276
1345,0.004761555098699875
1346,0.010836110070141989
1347,0.022633407280650976
1348,-0.008867755146807318
1349,0.009568126166001903
1350,-0.004496792643958775
1351,-0.006319886246242761
1352,-0.010668552997320026
1353,-0.005595108416596443
1354,0.0019127318267875924
1355,0.00573819530935123
1356,-0.0038284499315140797
1357,-0.005298397350336418
1358,0.0026707923698235892
1359,-0.011913770364893104
1360,0.010856188254823549
1361,-0.0005105713669159606
1362,0.006189837824466522
1363,-0.0010211427338319213
1364,-0.0038536530921506294
1365,-0.010575608281783576
1366,-0.05843665430672698
1367,0.0194835868552412
1368,0.00548543735257659
1369,0.0
1370,0.0020454553103457346
1371,-0.0006256714426893079
1372,0.0008061652721361656
1373,0.00374283161929128
1374,-0.0036622101925368675
1375,0.002819048149886743
1376,0.0010211427338319213
1377,0.0014781538338174789
1378,-0.002616286060477343
1379,0.0013436088883350243
1380,0.0009437461779169361
1381,0.014742346769186529
1382,-0.008024335915630402
1383,0.005681202517430592
1384,-0.010831894373600678
1385,-0.008946941533740115
1386,0.0028858380384380704
1387,0.0002687217700588987
1388,-0.016439122598796978
1389,0.002232496986718434
1390,-0.0006527955505104011
1391,0.005105713593078545
1392,0.0
1393,-0.015601068086445121
1394,0.0006619171020252118
1395,-0.004164659554515084
1396,0.0017115962140950998
1397,-0.0017019045817468891
1398,0.0013399574440828529
1399,-0.007987088758184912
1400,0.0053598297763314115
1401,0.0053598297763314115
1402,0.006574269949929556
1403,-0.005337246026208692
1404,0.002803683341274472
1405,-0.015207559777314859
1406,0.0038950393733180495
1407,0.006210808989872261
1408,-0.004892505253494253
1409,0.009381251830684542
1410,0.009180775031076383
1411,-0.005105713593078545
1412,0.0016911482439746716
1413,0.005073444580723584
1414,0.002536722290361792
1415,0.0024032106465744878
1416,-0.005595108416596443
1417,-0.002212811928647099
1418,-0.0026110506055281547
1419,0.001865036194447889
1420,-0.003108393712995557
1421,0.001865036194447889
1422,-0.00399650610713873
1423,0.0007993012381024685
1424,-0.003044066869394495
1425,0.00046625904861197226
1426,-0.007870998789021805
1427,0.010025952477957359
1428,-0.005595108416596443
1429,0.0011190216999940109
1430,-0.005595108416596443
1431,-0.005595108416596443
1432,0.009647296691739818
1433,0.005134610891240112
1434,0.0012764283982696363
1435,-0.005035822221639066
1436,-0.00887241241218064
1437,0.0017553611105024357
1438,0.005266083174565799
1439,0.002688096542500869
1440,-0.005595108416596443
1441,0.005595108416596443
1442,-0.005595108416596443
1443,-0.01574543714548834
1444,0.005595108416596443
1445,-0.005595108416596443
1446,-0.005595108416596443
1447,0.01225027349612278
1448,0.0618263075993369
1449,0.0013987771041491107
1450,0.0046946646457908595
1451,-0.00359422084534391
1452,0.016233808223926758
1453,-0.0037873947826932773
1454,0.014244655662977303
1455,0.005306875122987594
1456,-0.011245942216930066
1457,0.06660051102029273
1458,-0.020021581963754576
1459,-0.027318400989568493
1460,0.0005627727376357086
1461,-0.011245942216930066
1462,0.03390652537104693
1463,0.03532688335197368
1464,0.07816385987358264
1465,0.052894641130375855
1466,0.07707253265126161
1467,0.042347673910350214
1468,0.05833099371586052
1469,0.034320591712323906
1470,0.06979615499746468
1471,0.061916658250125205
1472,0.0471843788106421
1473,0.09512931868308133
1474,0.0943150729240076
1475,0.01901993866995282
1476,0.06584315354319023
1477,0.03533765774395305
1478,0.06764214037184259
1479,0.050253409840080754
1480,0.10043474044514908
1481,0.03519373306002891
1482,0.06458129399969749
1483,0.0623071753395046
1484,0.05341461983244836
1485,0.013103601221220324
1486,0.03903933623765255
1487,0.002848654553402097
1488,0.002967812997454924
1489,0.005172712852786978
1490,0.015798579181301713
1491,-0.003437848262828627
1492,0.01430285816429279
1493,0.006739935027857508
1494,0.010259382430853805
1495,0.0006782510875122659
1496,0.0767851144487217
1497,0.0
1498,0.04732548255416057
1499,0.004319575705203465
1500,0.04198213267591126
1501,0.00737934265586541
1502,-0.0069400157205035265
1503,0.006229375024409498
1504,0.06611523000893961
1505,0.0002869097697428502
1506,0.028495908610865643
1507,-0.0028083867518617954
1508,0.06178310544009293
1509,-0.005226765863733845
1510,0.019054440398305953
1511,0.004667793445105092
1512,0.01852624829662279
1513,0.07547023293050935
1514,0.01847784827950846
1515,0.05860977077762364
1516,0.02710013456104142
1517,0.04943128121519377
1518,0.0028751559191710716
1519,0.012907722603127421
1520,0.06191765998605554
1521,-0.0082686625907679
1522,-0.0014345488273378075
1523,0.010749455328969499
1524,0.02767907410189985
1525,0.0012733707565256492
1526,0.01482141795572235
1527,-0.0008197422236955071
1528,0.01941320628290693
1529,0.009783579621983632
1530,-0.004622662455542976
1531,0.004382718572260243
1532,-0.003046897235974322
1533,0.004812790141075667
1534,0.005945211267361187
1535,0.0043598216905614585
1536,-0.0029726056336805934
1537,0.005595108416596443
1538,-0.0011476390789714008
1539,0.02504873596467772
1540,0.02513490859474124
1541,0.003617177900445911
1542,-0.007407741016928468
1543,-0.015919015887327675
1544,-0.00267689761755161
1545,0.0043907936183174255
1546,0.007118081823449702
1547,-0.0027837209922044097
1548,0.019805269212114056
1549,-0.008662504899562593
1550,-0.002627653433479155
1551,0.03657068751407403
1552,0.01020360358014689
1553,0.02401332487719262
1554,-0.0013267515378565294
1555,0.004157396798807081
1556,0.011084684638453055
1557,-0.0012671351312500034
1558,-0.02694234311202326
1559,0.007068687422772374
1560,-0.002313582107813217
1561,0.0031691866978357667
1562,-0.00021496379615801648
1563,0.01402869624811987
1564,0.0019586612926119056
1565,0.022117441165302062
1566,0.007151532293633954
1567,0.028149878201910443
1568,0.018337201832862762
1569,-0.007238266367783789
1570,-0.01500212252036914
1571,-0.0007098756856025325
1572,0.022677820940709005
1573,-0.0033248821137697618
1574,-0.001449264335025384
1575,0.02373817608010994
1576,0.0035581454534541553
1577,0.004746021744139988
1578,-0.003508127719556516
1579,-0.009457421018009338
1580,0.0016288609335155732
1581,0.005115974258905354
1582,0.011622899773853253
1583,-0.01258262140407079
1584,-0.006201919902394643
1585,0.018331921240952325
1586,0.012129527659216996
1587,0.02476897569737163
1588,0.054945217846340245
1589,0.03534978359535133
1590,0.004402922286164016
1591,0.015972916922828383
1592,-0.0360075108943351
1593,0.006075592627807623
1594,0.0027975542082982214
1595,-0.006067431228338049
1596,0.0034497121893248845
1597,-0.011069091438835296
1598,-0.022925636596192324
1599,0.009388128589781162
1600,0.005179603869049116
1601,0.007092850346332587
1602,0.009388128589781162
1603,0.011683406576712418
1604,0.009388128589781162
1605,0.005945211267361187
1606,0.008240489425303988
1607,0.010408252139528387
1608,0.00977067492093637
1609,0.011683406576712418
1610,0.009388128589781162
1611,0.005945211267361187
1612,0.011683406576712418
1613,0.007092850346332587
1614,0.014688110167930053
1615,0.020966571218847853
1616,0.028636356452673723
1617,0.0388235219126424
1618,0.02541941005475786
1619,0.012016516121975967
1620,0.025812016343011217
1621,0.01924951128782662
1622,-0.026653658885678343
1623,-0.016144067968022948
1624,-0.005699013833869489
1625,0.0043598216905614585
1626,-0.009647296691739818
1627,-0.012071705211774643
1628,-0.024622618878301264
1629,-0.018457057366638694
1630,-0.004797350974182804
1631,-0.017731224508126604
1632,-0.005198119773291336
1633,-0.02497622360837947
1634,0.007357630658077907
1635,0.0044630408721672
1636,-0.00573819530935123
1637,0.015543425790863477
1638,-0.032889778524691576
1639,0.01310764594905649
1640,0.011518514233546578
1641,0.0068236561823836655
1642,0.0026439404151197177
1643,0.0005012000193093393
1644,0.0037880628063343418
1645,0.002841047020080957
1646,0.0014205235100404785
1647,0.005682094040161914
1648,0.002841047020080957
1649,0.005682094040161914
1650,0.0039337575166287705
1651,0.005682094040161914
1652,0.0037880628063343418
1653,0.005682094040161914
1654,0.005682094040161914
1655,0.002841047020080957
1656,0.005682094040161914
1657,0.0034092565595688273
1658,0.005682094040161914
1659,0.005682094040161914
1660,0.005682094040161914
1661,0.005682094040161914
1662,-0.012863447000343751
1663,0.012533918219954565
1664,0.0006993885520745553
1665,0.0033570651833556456
1666,-0.005595108416596443
1667,0.013721428222873325
1668,0.018806186168879555
1669,0.005682094040161914
1670,-0.001549662057136776
1671,-0.003105072280032469
1672,-0.0016500885792193286
1673,0.006500034296776345
1674,0.004462503577777426
1675,0.006500034296776345
1676,0.005045050595963205
1677,0.004849945717557016
1678,0.006500034296776345
1679,0.003239985158522705
1680,0.000582151660023897
1681,0.004075061437997836
1682,0.006500034296776345
1683,0.008925007155554852
1684,0.020608893966963852
1685,0.002424972858778508
1686,0.006500034296776345
1687,-0.002909967546165926
1688,-0.002812414998558098
1689,-0.0016500885792193286
1690,-0.0051519169628925715
1691,-0.0051519169628925715
1692,0.003007519876964286
1693,0.008925007155554852
1694,-0.004849945717557016
1695,0.0007764657613831759
1696,0.008925007155554852
1697,0.006500034296776345
1698,0.004462503577777426
1699,0.008925007155554852
1700,-0.004849945717557016
1701,-0.004849945717557016
1702,0.006500034296776345
1703,0.006500034296776345
1704,0.005045050595963205
1705,0.005045050595963205
1706,0.006500034296776345
1707,-0.007760703956953354
1708,0.005045050595963205
1709,0.009006936507788275
1710,0.0022928063911978216
1711,0.001364731256812813
1712,0.009621210390681886
1713,0.008925007155554852
1714,-0.02519739783646465
1715,0.0034118280911918327
1716,0.004704129514656001
1717,-0.00025539069599232506
1718,0.0034118280911918327
1719,-0.013996050111181392
1720,-0.0009699891579653678
1721,0.0034118280911918327
1722,-0.00218328032540461
1723,0.004456054435849267
1724,0.0068236561823836655
1725,0.0068236561823836655
1726,0.005045050595963205
1727,0.006887476436555935
1728,0.004462503577777426
1729,0.004462503577777426
1730,-0.004849945717557016
1731,-0.0007764657613831759
1732,0.008925007155554852
1733,0.008925007155554852
1734,0.008925007155554852
1735,0.006500034296776345
1736,-0.003105072280032469
1737,0.005045050595963205
1738,0.008925007155554852
1739,-0.0007748842795591794
1740,0.003007519876964286
1741,-0.004849945717557016
1742,0.005045050595963205
1743,0.002424972858778508
1744,0.008925007155554852
1745,0.008925007155554852
1746,0.005919611860416608
1747,0.006500034296776345
1748,0.005045050595963205
1749,0.036007745011626714
1750,0.015190108624496806
1751,0.004075061437997836
1752,0.004267794057533119
1753,0.005045050595963205
1754,0.008925007155554852
1755,0.006500034296776345
1756,-0.005206283483306612
1757,0.008925007155554852
1758,0.003007519876964286
1759,0.008925007155554852
1760,-0.0016500885792193286
1761,-0.0016500885792193286
1762,0.0007748842795591794
1763,-0.003105072280032469
1764,0.006500034296776345
1765,0.006500034296776345
1766,0.008925007155554852
1767,0.003007519876964286
1768,0.0023283430111134115
1769,0.004462503577777426
1770,0.03497927963238016
1771,0.008925007155554852
1772,0.0007748842795591794
1773,0.0019391874781606786
1774,0.003105072280032469
1775,0.008925007155554852
1776,0.008925007155554852
1777,-0.004849945717557016
1778,-0.004849945717557016
1779,-0.002812414998558098
1780,0.008925007155554852
1781,-0.004849945717557016
1782,0.006500034296776345
1783,0.006500034296776345
1784,0.005045050595963205
1785,0.008925007155554852
1786,0.003007519876964286
1787,0.0016166486206988873
1788,0.004462503577777426
1789,0.0
1790,0.008925007155554852
1791,0.004075061437997836
1792,0.006500034296776345
1793,0.002812414998558098
1794,0.006500034296776345
1795,0.008925007155554852
1796,-0.008925007155554852
1797,0.002037530718998918
1798,0.005045050595963205
1799,0.008925007155554852
1800,0.005045050595963205
1801,0.003105072280032469
1802,0.006500034296776345
1803,0.008925007155554852
1804,0.00015497685822117094
1805,0.005682094040161914
1806,0.005682094040161914
1807,0.005682094040161914
1808,0.005682094040161914
1809,0.005682094040161914
1810,-0.0050919845041397455
1811,0.00044011881613609857
1812,-0.0007233395117475232
1813,0.015058646646903378
1814,0.005682094040161914
1815,-0.004821514176665146
1816,0.005682094040161914
1817,0.0016964475182794972
1818,0.018965125571252777
1819,0.03171368076033251
1820,-0.001487434543536189
1821,0.014980630755943952
1822,0.02208770390006259
1823,0.017766862060801598
1824,0.0210182058893382
1825,0.019463044606734013
1826,0.02371735708943678
1827,0.010324940522629823
1828,0.00010258991869954759
1829,0.004196331312447331
1830,0.004196331312447331
1831,0.004196331312447331
1832,0.0033570651833556456
1833,0.005595108416596443
1834,0.0033570651833556456
1835,0.003197204952409874
1836,0.0033570651833556456
1837,0.004196331312447331
1838,0.003197204952409874
1839,0.0022380433999880218
1840,0.004196331312447331
1841,0.005595108416596443
1842,0.0035605234771987453
1843,0.0011190216999940109
1844,-0.0009325180972239445
1845,0.0023038682009656926
1846,0.005595108416596443
1847,0.0013321686745883727
1848,0.004196331312447331
1849,0.005595108416596443
1850,-0.0003291240257317556
1851,0.003197204952409874
1852,0.004196331312447331
1853,0.005595108416596443
1854,0.005595108416596443
1855,0.0005086462348494243
1856,0.0030127508397801385
1857,0.0006993885520745553
1858,0.0023979036309337933
1859,-0.0007297967427409611
1860,0.0035605234771987453
1861,-0.005050878450145248
1862,0.004492927539359297
1863,0.0032959162880608064
1864,-0.0002457762431889276
1865,-0.012900736868991715
1866,0.004168756563695709
1867,0.00028209630611922395
1868,0.0036672520194837555
1869,0.0045352406291220785
1870,0.0031030593273776203
1871,0.002807530034969192
1872,0.004466524707119259
1873,0.0053598297763314115
1874,-0.002206988759619177
1875,0.002886062334703414
1876,0.002886062334703414
1877,0.0053598297763314115
1878,0.003215897993587147
1879,0.003573219957377858
1880,0.004466524707119259
1881,0.003029468920673211
1882,0.0026799148881657057
1883,0.003930541921168569
1884,0.0053598297763314115
1885,0.0038284499315140797
1886,0.0053598297763314115
1887,0.0053598297763314115
1888,0.0053598297763314115
1889,0.0053598297763314115
1890,0.0037106514819127464
1891,0.004168756563695709
1892,-0.0053598297763314115
1893,0.0045352406291220785
1894,0.0005186931887028423
1895,0.0053598297763314115
1896,0.0053598297763314115
1897,0.004385315242501088
1898,0.0045352406291220785
1899,0.0053598297763314115
1900,0.004385315242501088
1901,0.0053598297763314115
1902,0.0053598297763314115
1903,0.004287863884959279
1904,0.004385315242501088
1905,0.0053598297763314115
1906,0.0010140218841135913
1907,0.0053598297763314115
1908,0.003573219957377858
1909,0.003930541921168569
1910,0.0053598297763314115
1911,-0.0053598297763314115
1912,0.0053598297763314115
1913,0.0053598297763314115
1914,-0.0053598297763314115
1915,0.0053598297763314115
1916,0.0053598297763314115
1917,0.0053598297763314115
1918,0.003573219957377858
1919,0.0020614730277587067
1920,0.003930541921168569
1921,0.0034681252621452958
1922,0.003930541921168569
1923,0.0053598297763314115
1924,0.0034681252621452958
1925,0.0038284499315140797
1926,0.0025388667950068593
1927,0.0026799148881657057
1928,0.0
1929,0.002807530034969192
1930,0.0031030593273776203
1931,0.003215897993587147
1932,0.0053598297763314115
1933,0.002297069926961373
1934,0.002886062334703414
1935,0.0026799148881657057
1936,0.0038284499315140797
1937,0.001786609978688929
1938,0.0033498936102071323
1939,0.0026799148881657057
1940,0.0015764205882238048
1941,0.0028375570907499237
1942,-0.00082458922707702
1943,0.002358325088806991
1944,0.004594139853922746
1945,0.003573219957377858
1946,0.0053598297763314115
1947,0.0025012539062703506
1948,-0.0025012539062703506
1949,0.0029235436014909745
1950,0.004466524707119259
1951,0.003573219957377858
1952,-0.0053598297763314115
1953,0.002358325088806991
1954,0.0038284499315140797
1955,0.004019872332248559
1956,0.0034681252621452958
1957,0.0053598297763314115
1958,0.002297069926961373
1959,0.0053598297763314115
1960,0.003215897993587147
1961,0.004594139853922746
1962,0.0038284499315140797
1963,0.0053598297763314115
1964,0.0053598297763314115
1965,0.0053598297763314115
1966,0.0025388667950068593
1967,0.004466524707119259
1968,-0.0053598297763314115
1969,0.0053598297763314115
1970,0.0016633953817295933
1971,0.0053598297763314115
1972,0.0053598297763314115
1973,0.0030627600091054138
1974,0.0021439319424796394
1975,0.0028375570907499237
1976,0.004594139853922746
1977,0.004385315242501088
1978,0.0
1979,0.004287863884959279
1980,0.003215897993587147
1981,0.0015764205882238048
1982,-0.0015007523437622105
1983,0.0053598297763314115
1984,0.004466524707119259
1985,0.0053598297763314115
1986,-0.0053598297763314115
1987,0.0034681252621452958
1988,0.16838644522751756
1989,0.13168421204490519
1990,0.12552700814655368
1991,0.1727698914891458
1992,0.1851081516477642
1993,0.11390698219345562
1994,0.14033018500052838
1995,0.13125232010528878
1996,0.18209179094850092
1997,0.13067633591710767
1998,0.14525710933996677
1999,0.15245576600152302
2000,0.12477689919141181
2001,0.12126366385395954
2002,0.18499849165733034
2003,0.13379328961743922
2004,0.13296220409509887
2005,0.15038552201880723
2006,0.17184704487956962
2007,0.15010080686173174
2008,0.15364895304681017
2009,0.14396647521941203
2010,0.15678598954571027
2011,0.01929103945936823
2012,0.005595108416596443
2013,0.0006780275405705574
2014,-0.005595108416596443
2015,0.010512189292622327
2016,-0.005595108416596443
2017,-0.005595108416596443
2018,0.010828356269462457
2019,0.005595108416596443
2020,0.005595108416596443
2021,-0.009031307028897888
2022,-0.0026468545731992035
2023,-0.005595108416596443
2024,0.08212073173149623
2025,0.016467866176848426
2026,0.16071514087397798
2027,0.06973700380753627
2028,0.01017154987650285
2029,0.08149625836923279
2030,-0.027576415341181073
2031,0.05608191717550973
2032,-0.02708415285623354
2033,0.006486139305946713
2034,0.05761299727712133
2035,0.0670791191960357
2036,0.05233095342963004
2037,0.09434802552657409
2038,0.11566178920737905
2039,0.11754100219696603
2040,0.03185657267999846
2041,0.004510739317543218
2042,0.027659482313314054
2043,0.048193032488662406
2044,0.03828729762579102
2045,0.05133830050066394
2046,0.11505313919453797
2047,0.11140909932597093
2048,0.09777855496402868
2049,0.11085171235042279
2050,0.10702794974823096
2051,0.07778998212892368
2052,0.06661212347416899
2053,0.01717898742857063
2054,0.10749023131192104
2055,0.053779367598956934
2056,0.06411301900503806
2057,0.11212804414059814
2058,0.10264924713855045
2059,0.03581233334313388
2060,0.0862392185739505
2061,0.08492617041846617
2062,0.13171714912177965
2063,0.05707825505073898
2064,0.00031769553282872597
2065,0.00671577833225662
2066,0.032507982994556706
2067,0.04844184588968901
2068,0.040264175707122186
2069,0.03963970452177991
2070,0.02694518045739764
2071,0.018982984014026864
2072,0.01843510798135971
2073,0.024033669706841294
2074,0.03402437075988293
2075,0.06316761936222905
2076,0.00931104387518454
2077,0.04280082216099511
2078,0.05646379243971042
2079,0.01828265351567539
2080,0.0015583442874329077
2081,0.035373633398523424
2082,0.041354216861109065
2083,0.031129183095271917
2084,0.02443263965676317
2085,0.0017462937350733513
2086,0.04756553223662692
2087,-0.0053598297763314115
2088,-0.02779643656911497
2089,-0.005945211267361187
2090,0.0
2091,0.001981737148180763
2092,-0.005945211267361187
2093,0.016720880374038714
2094,0.012401872340577125
2095,0.010635369756009809
2096,0.012982068033269713
2097,0.015856548889863445
2098,-0.007421059528472874
2099,-0.025795170331365053
2100,0.012261095416710327
2101,-0.02034928163553612
2102,0.023513590256148065
2103,0.02011293986125295
2104,-0.04294237083351011
2105,0.0023662461754492855
2106,0.008488620830945901
2107,-0.011011504908552187
2108,0.01763639981964903
2109,0.00631224430912219
2110,-0.013138153771853903
2111,-0.008873849745141153
2112,0.014616307836939312
2113,0.011369684566945334
2114,-0.028966554581290813
2115,0.01795953163708215
2116,0.011697670242715865
2117,0.05049549116234738
2118,-0.01831728848641332
2119,0.02907274083238311
2120,0.016813614655658032
2121,0.030243138599589464
2122,0.009600951009014988
2123,0.00744620250415757
2124,0.013981934387577492
2125,0.0262669848819599
2126,-0.0014377660721522903
2127,-0.011477647931182345
2128,0.006351031786767474
2129,-0.00733932044712712
2130,-0.011977024815860942
2131,0.029450285807898793
2132,0.0646480575871604
2133,-0.009436741028453753
2134,0.0292498385454257
2135,0.009834417634797605
2136,0.026081017834713324
2137,0.07270529602578836
2138,9.56632439480024e-06
2139,0.07023217858410298
2140,0.04203319914456863
2141,-0.009421008605357339
2142,-0.003031686250344934
2143,0.0065367875447942545
2144,0.0013903379505353255
2145,-0.010175222407459016
2146,0.02876320178178777
2147,0.015821250898181545
2148,-0.011463535732601187
2149,0.004594717279794371
2150,-0.0005569354444518323
2151,0.003675773969897625
2152,-0.0007990812581130357
2153,-0.00036036998407145305
2154,0.0016708063333554968
2155,0.0
2156,0.0022973586398971854
2157,0.004594717279794371
2158,0.006126289706392494
2159,-0.024192277131924216
2160,-0.007516630806414728
2161,-0.005035822221639066
2162,-0.013478845569551428
2163,0.006380731856253515
2164,-0.03955256167879552
2165,0.0017576026215256485
2166,0.005268713622882354
2167,-0.01976567083787648
2168,-0.009176515897230956
2169,0.008503675060892665
2170,-0.0024246551993370308
2171,-0.015962755322578227
2172,-0.018365933405773544
2173,-0.019435002018434035
2174,-0.010601994338692368
2175,0.0021308086607480766
2176,-0.0019429029091512671
2177,0.01002871300245533
2178,-0.0020355847697292573
2179,0.008854952442844068
2180,-0.007628451077473123
2181,-0.007430497722151411
2182,-0.007075207876330399
2183,-0.001864522874737863
2184,-0.0014137591700358703
2185,-0.006126289706392494
2186,0.004375921323181873
2187,-0.006126289706392494
2188,0.00036036998407145305
2189,-0.002625552757393592
2190,0.001225257959536265
2191,0.002625552757393592
2192,-0.003675773969897625
2193,0.003063144853196247
2194,0.032854548928966124
2195,0.015859784851897218
2196,0.017208072661166682
2197,0.0032499358329375638
2198,0.023526478750679456
2199,0.019105171644938503
2200,0.02410224990497639
2201,0.02058235445652835
2202,0.029315036876908354
2203,-0.004646272746132666
2204,0.006698822353625395
2205,0.0025322496834427797
2206,0.03484465348341366
2207,0.0009582745489515732
2208,-0.012972385517375106
2209,-0.009767556646377719
2210,0.027908438770319063
2211,-0.003332002445749964
2212,-0.004556220133879001
2213,-0.005105713593078545
2214,-0.0053415847396471785
2215,-0.005035822221639066
2216,0.007714635084324106
2217,0.001981737148180763
2218,0.07765362259527331
2219,0.005945211267361187
2220,-0.005945211267361187
2221,0.0490178624477838
2222,-0.00573819530935123
2223,-0.06359972760744757
2224,-0.0019127318267875924
2225,0.006126289706392494
2226,-0.005035822221639066
2227,-0.0040381230219880306
2228,-0.0024859916899882695
2229,0.05716549025705108
2230,-0.006162639970859445
2231,-0.0053598297763314115
2232,-0.0007934690866624452
2233,-0.002297069926961373
2234,0.004713844702227539
2235,-0.010926933100939163
2236,-0.0008774596725971844
2237,-0.0053598297763314115
2238,-0.01421914257413802
2239,0.0007850340991074216
2240,0.011180989604589405
2241,-0.0038284499315140797
2242,0.0026799148881657057
2243,0.0005955366462516951
2244,-0.007427431713638995
2245,-0.004084193259313437
2246,0.04275515949879079
2247,0.01752293639941106
2248,0.003698643496108971
2249,-0.008520623276172666
2250,0.0011890422711903477
2251,0.0035671269021615945
2252,-0.010639982089983596
2253,0.005945211267361187
2254,-0.0011869393500861416
2255,0.006833789952233004
2256,-0.017865764618317556
2257,8.294161061228645e-06
2258,0.0046603305770203975
2259,-0.001769066630797387
2260,-0.02820984125469682
2261,0.00393642025309624
2262,-0.021600439530610076
2263,-0.004208269775072777
2264,-0.00839465199410562
2265,0.0004896633444265706
2266,-0.016875265880388228
2267,-0.01072268699157855
2268,-0.00556710332460775
2269,-0.0038921125538498172
2270,0.0030043400212932713
2271,-0.017568155301644524
2272,-0.044672659384559124
2273,0.019423744698119166
2274,0.023660105452569084
2275,0.020270459683574233
2276,-0.021068468915656773
2277,-0.011333303725947673
2278,-0.022014854772604238
2279,0.03776696986362244
2280,-0.04480548317036328
2281,0.0011476390789714008
2282,-0.002068649986547087
2283,-0.03056403612517896
2284,0.0031360265700033176
2285,-0.060447857176270436
2286,-0.0061673488237126975
2287,0.01869375954496498
2288,-0.0009002803674907485
2289,-0.02426185467986826
2290,-0.027035697857549668
2291,-0.0027260107619208273
2292,0.01722965567432832
2293,-0.03266211901246355
2294,-0.011333303725947673
2295,-0.05844085546616467
2296,-0.010288109838751135
2297,-0.025796363550551996
2298,0.0034894744035352692
2299,0.006307154512337869
2300,0.012978415822717007
2301,0.017067307863962315
2302,-0.004546127857242819
2303,-0.03690610879611325
2304,-0.014077455547035378
2305,0.005591797763064597
2306,0.002732141138296653
2307,-0.02556491859753888
2308,0.004664412620674195
2309,0.005591797763064597
2310,0.006229375024409498
2311,0.006229375024409498
2312,0.001437428236205157
2313,0.00671577833225662
2314,-0.010428754177102166
2315,0.014600364414663254
2316,0.009028908724963066
2317,-0.015500919066665394
2318,0.004025573062921009
2319,0.004135471740563218
2320,0.022360879339229988
2321,-0.018835360185964073
2322,-0.0058227786083656675
2323,0.01917286341353963
2324,-0.007322813592418379
2325,-0.04204341767471076
2326,-0.008695576539378946
2327,0.007608176273560526
2328,0.020021987561514437
2329,-0.02657505224714765
2330,-0.006162839762364533
2331,0.037117749613353394
2332,-0.007936850120446513
2333,0.022620997461950218
2334,-0.013182321138549384
2335,0.006728940936198181
2336,0.01184162673475197
2337,0.003963474296361526
2338,0.019027844970828846
2339,-0.21109082523788758
2340,-0.01087404710673706
2341,0.014996666934955704
2342,0.04464514854110063
2343,0.04605895446407405
2344,-0.005134526429690849
2345,0.041440051808198354
2346,-0.01686997940135467
2347,-0.007477694902776661
2348,0.03522900603828122
2349,-0.005214483021252882
2350,-0.0007268990835899077
2351,0.011821449073531262
2352,0.004265437248915508
2353,-0.018726450641949617
2354,-0.017589191497880918
2355,0.005108775819480243
2356,-0.018033557536146175
2357,-0.021441813189306547
2358,0.009523545185516043
2359,-0.004322904488401595
2360,-0.005752853075753399
2361,-0.01977696582619076
2362,-0.09403288861895305
2363,0.004482226609338124
2364,0.006486154843720677
2365,0.023160860783965277
2366,0.015077637541039374
2367,0.02903640332671866
2368,0.001906011734823769
2369,0.022057090915708136
2370,0.01044282537591977
2371,0.022941145892892333
2372,0.04101462397369318
2373,0.03985094642689335
2374,-0.006212430309102832
2375,0.033653534829230315
2376,0.0019243451222327977
2377,0.025158359259559254
2378,0.02119131545071037
2379,0.015822690743059278
2380,0.022380159091608866
2381,0.01753043805539785
2382,0.03231971220463927
2383,0.022489231453251494
2384,0.0307369675466895
2385,0.0033233716887139646
2386,0.0036192992149464824
2387,0.016892875066433766
2388,0.023316934534683673
2389,-0.025234005359643718
2390,-0.03102631926512224
2391,-0.01674285867586301
2392,-0.011107670833470081
2393,-0.018515759640847285
2394,0.015600659430277462
2395,0.006061644781852885
2396,-0.00908076297041232
2397,-0.0053598297763314115
2398,-0.0053598297763314115
2399,0.0023391448439387627
2400,0.0038731591149033418
2401,0.02949787198179233
2402,0.03674807239422223
2403,-0.013172625944727625
2404,-0.01735138243496151
2405,0.004926957026370426
2406,0.0077433649054064625
2407,-0.005986120314880049
2408,-0.009043688042848351
2409,0.01790817327457515
2410,0.1234947085140457
2411,-0.014898244252527164
2412,-0.0013924673850656366
2413,0.005945211267361187
2414,-0.009306132976419485
2415,0.005945211267361187
2416,0.03655048252986595
2417,0.005765756516451123
2418,0.012648556957847844
2419,0.025057403415711825
2420,0.038717363176387215
2421,0.03627600290872226
2422,0.035989765554120715
2423,0.04935042954843923
2424,0.044398204249362756
2425,0.04472992304787067
2426,0.04227534748274717
2427,0.033149942664365765
2428,0.045043678385200465
2429,0.009792710912883876
2430,0.022140410670525197
2431,0.04054030432444179
2432,0.02559943478925354
2433,0.03010096485104312
2434,0.01685268213026551
2435,0.008749554904387315
2436,0.012139492768309662
2437,0.012154321605593633
2438,0.01685268213026551
2439,0.012098002131472111
2440,0.010399905648957956
2441,0.01685268213026551
2442,0.013044238042529684
2443,0.013675975293569854
2444,0.01685268213026551
2445,0.01685268213026551
2446,0.012761519003162681
2447,0.01685268213026551
2448,0.01394242921587979
2449,0.033159057650728845
2450,0.04122345466097516
2451,0.04593710671047711
2452,0.03810096209705212
2453,0.031644445076849194
2454,0.035396830104382895
2455,0.03429712389539492
2456,0.03722549492408791
2457,0.02935744496012156
2458,0.03650173775297999
2459,0.0324898344049973
2460,0.03604468982903496
2461,0.04672004876409965
2462,0.004285890779464947
2463,-9.116925525140653e-05
2464,0.026484340189744285
2465,0.02112792229920742
2466,0.034889669393688955
2467,0.042698566118609
2468,0.042512594846050564
2469,0.041716160201776105
2470,0.03715726341253628
2471,0.03457899308646971
2472,0.027096837743136266
2473,0.047516362443118375
2474,0.018832013477023953
2475,0.049199466352455944
2476,0.030934251530125665
2477,0.032187001520133096
2478,0.040854275445893505
2479,0.01912662311184304
2480,-0.0003874496453227076
2481,0.0002484859263691144
2482,-0.004944809474487407
2483,-0.010093512425287282
2484,0.000607867926835295
2485,-0.010093512425287282
2486,-0.0005811742557645013
2487,0.0011890422711903477
2488,-0.0010008362025644292
2489,0.0011890422711903477
2490,0.0017969101094350913
2491,-0.002959258886735748
2492,0.024585993165248267
2493,0.009278025805496566
2494,0.015387957478106054
2495,0.02926400848325636
2496,0.021078444240631
2497,0.033620683409017346
2498,0.030828578817092535
2499,0.019773794034629873
2500,0.029865704194021167
2501,0.0017969101094350913
2502,0.0
2503,0.0023780845423806954
2504,0.0035671269021615945
2505,-0.0021665640097453323
2506,0.005945211267361187
2507,-0.005866588687116004
2508,-0.0035671269021615945
2509,0.0
2510,-0.0035671269021615945
2511,0.0023780845423806954
2512,-0.005337343429116443
2513,0.0011890422711903477
2514,0.011059197915680642
2515,0.008379283027514938
2516,0.0
2517,0.011059197915680642
2518,0.005945211267361187
2519,0.011971360511681397
2520,0.0029726056336805934
2521,0.02842330016352033
2522,0.005945211267361187
2523,0.0029726056336805934
2524,0.005945211267361187
2525,0.005945211267361187
2526,0.005945211267361187
2527,0.005945211267361187
2528,0.0011890422711903477
2529,0.0029726056336805934
2530,0.005945211267361187
2531,0.005945211267361187
2532,0.0011890422711903477
2533,-0.001981737148180763
2534,0.0029726056336805934
2535,0.005945211267361187
2536,0.005945211267361187
2537,0.005945211267361187
2538,0.005945211267361187
2539,-0.005035822221639066
2540,0.005945211267361187
2541,-0.01154031968395763
2542,0.007700025809781907
2543,-0.004401268205910895
2544,0.004369546442717174
2545,0.04069213201097366
2546,0.001981737148180763
2547,0.005945211267361187
2548,0.006229375024409498
2549,0.003695269573031749
2550,-0.003123263821262109
2551,-0.0020985531694342956
2552,0.011655533208653923
2553,0.00479782942265458
2554,0.0006272867174473483
2555,0.004396830730178567
2556,-0.002515730909761925
2557,0.00041717756314652656
2558,-0.0046964675444985315
2559,0.0035879569825176373
2560,0.0014174148678402652
2561,0.023576900357054204
2562,-0.013019914073369809
2563,0.02119899969241992
2564,0.015542867870176556
2565,0.02452109968209574
2566,-0.0060915823321603425
2567,0.021686580088044846
2568,0.02071686228805681
2569,0.012929420575490068
2570,0.0174187312802017
2571,-0.008697230792809322
2572,0.02292256012271245
2573,0.020683300478835525
2574,-0.006586315687074995
2575,-0.005337246026208692
2576,0.005105713593078545
2577,0.016872092427255493
2578,0.028972606098673186
2579,-0.0004479187332314644
2580,0.002711430502516227
2581,0.03869923782462965
2582,0.025189785324470984
2583,0.042403935707240686
2584,0.016197410316668555
2585,0.01767248764754168
2586,-0.014560863126123369
2587,0.058598909615810185
2588,0.012150589543164484
2589,0.007700025809781907
2590,0.012157729013508754
2591,0.01033086016253849
2592,0.00021992940911119154
2593,0.00239891471132729
2594,0.007770435056335173
2595,-0.015271785231048402
2596,-0.006012512684810692
2597,0.032990316966149694
2598,-0.0004051106716478113
2599,-0.005105713593078545
2600,0.02806658615346175
2601,0.04072985054911963
2602,0.033838938211258905
2603,0.008961535819189277
2604,0.016688189322943324
2605,0.03685156210538379
2606,0.014006745457340382
2607,-0.0002683500522217277
2608,-0.0018159096507697895
2609,0.019445679299708765
2610,0.019445679299708765
2611,0.020815638536714136
2612,0.019445679299708765
2613,0.0011890422711903477
2614,-0.005945211267361187
2615,0.0005989700543290618
2616,-0.005945211267361187
2617,0.0029263990068800023
2618,0.0014863028168402967
2619,-0.004148301157926096
2620,-0.004148301157926096
2621,0.0017969101094350913
2622,-0.0001848268615645692
2623,-0.005945211267361187
2624,0.0
2625,-0.006526385700306791
2626,0.0023780845423806954
2627,-0.004148301157926096
2628,0.003963474296361526
2629,-0.001175695524245502
2630,-0.0011890422711903477
2631,0.0
2632,0.0011890422711903477
2633,0.0011890422711903477
2634,-0.005945211267361187
2635,0.009700709052081084
2636,-0.041461858420008935
2637,-0.003917593054639829
2638,0.0
2639,-0.001981737148180763
2640,-0.0013827670938517014
2641,-0.004148301157926096
2642,0.001981737148180763
2643,-0.002129598704602132
2644,-0.007076592015746476
2645,-0.017067665318045672
2646,0.01607651580641717
2647,-0.0030214934530467972
2648,0.02925877777876626
2649,0.0047477574003445665
2650,-0.022425429835660354
2651,0.006126289706392494
2652,-0.00983317319582187
2653,0.006126289706392494
2654,-0.011624918910713824
2655,-0.0023570216597477156
2656,0.001593376737206451
2657,0.009162709679783875
2658,0.005684157919616219
2659,-0.0034470979495438195
2660,-0.00573819530935123
2661,0.002869097654675615
2662,0.0038254636535751847
2663,0.0028465139045528954
2664,-0.004517503802513185
2665,-0.0015117823726335075
2666,0.0
2667,0.0
2668,0.011075441335559922
2669,0.002869097654675615
2670,0.0032023477429750768
2671,-0.0017790820617570062
2672,-0.005337246026208692
2673,0.0057156115592285105
2674,0.0023780845423806954
2675,0.005945211267361187
2676,0.010093512425287282
2677,0.010093512425287282
2678,-0.002869097654675615
2679,-0.042347738116834815
2680,-0.005945211267361187
2681,-0.005035822221639066
2682,-0.00758052600037429
2683,0.03448153180848392
2684,-0.011699286654768222
2685,-0.015551821069279229
2686,-0.007838341172430336
2687,0.008586328332101174
2688,-0.013911650959850962
2689,-0.03357198787256243
2690,-0.01597833133421492
2691,0.01685268213026551
2692,0.003225535843596795
2693,0.0
2694,-0.0047477574003445665
2695,0.024389102670342385
2696,0.010107587176675979
2697,0.007733708476503696
2698,0.009340404115297867
2699,0.012598762256908985
2700,0.008194855349888387
2701,0.02821456615290602
2702,-0.010485952709695797
2703,0.0
2704,-0.00908076297041232
2705,-0.01588312213788708
2706,-0.03350523036729343
2707,0.021710890049478054
2708,-0.028543106559973254
2709,0.0035810136700611095
2710,0.00877931451530248
2711,0.01633814910661221
2712,0.010743040690015766
2713,-0.00098341618985922
2714,0.0006216787175870276
2715,0.01685268213026551
2716,0.016105319796955668
2717,-0.022050531064316852
2718,0.007350177240491296
2719,0.022050531064316852
2720,0.007350177240491296
2721,0.022050531064316852
2722,0.022050531064316852
2723,-0.011856486060600867
2724,0.0010562152701081445
2725,0.002356265313822727
2726,0.006126289706392494
2727,0.022050531064316852
2728,0.022050531064316852
2729,-0.001981737148180763
2730,0.003675773969897625
2731,0.0034034944436204177
2732,0.006126289706392494
2733,0.0008490681163124735
2734,0.02661571328519695
2735,0.0007819329578436044
2736,0.02857402619460292
2737,0.004917080876025885
2738,0.04132110540996906
2739,-0.0029502486428478747
2740,0.024690874910655757
2741,-0.0024585404380129427
2742,0.011862062390009778
2743,0.0009689208045912482
2744,-0.006820561966264315
2745,-0.011558750162736251
2746,-0.004797350974182804
2747,0.0
2748,0.003114687512204749
2749,0.01685268213026551
2750,-0.011099903469557842
2751,-0.0008695452480780865
2752,-0.0033116141917605563
2753,-0.01038182095597766
2754,-0.004460559315539051
2755,-0.016585193357344784
2756,-0.00037836553301981863
2757,0.015032122123160886
2758,0.04431718347552104
2759,-0.014703068615282353
2760,-0.012061880178727275
2761,0.006530627010837526
2762,-0.005298397350336418
2763,0.0199377667258655
2764,0.013192194200619687
2765,-0.005740202815639656
2766,0.020614313185795055
2767,-0.0011480405802350689
2768,0.00019586587486294553
2769,0.01392525404105481
2770,0.0019134009955703436
2771,0.005740202815639656
2772,-0.0019134009955703436
2773,0.0047512018284900205
2774,0.013779534981087676
2775,0.00803933216544802
2776,0.011055152633234982
2777,-0.004338008735686235
2778,-0.010555777040417977
2779,-0.0027738324205118766
2780,-0.005298397350336418
2781,0.004196331312447331
2782,-0.0051519169628925715
2783,-0.013348031872922607
2784,0.017067665318045672
2785,0.026582701379270168
2786,0.009306132976419485
2787,0.0011890422711903477
2788,0.00943869646239454
2789,0.03284583582323627
2790,0.022695507094344362
2791,0.0
2792,0.00038024391689501797
2793,-0.00017091136613418112
2794,0.052950328479526014
2795,0.01732927849396734
2796,-0.020049799453985225
2797,0.007890569663726824
2798,0.017067665318045672
2799,0.012964746954671086
2800,0.00021732721794083995
2801,0.012964746954671086
2802,0.01108918370134707
2803,0.0027972160488893
2804,0.017067665318045672
2805,0.008556330503529568
2806,0.01108918370134707
2807,0.009044605774548277
2808,0.017067665318045672
2809,-0.0014654413828358145
2810,-0.011055152633234982
2811,0.010498427208856579
2812,0.01574543714548834
2813,0.01365738677837061
2814,0.012964746954671086
2815,0.008533832659022836
2816,0.0006780275405705574
2817,0.0035671269021615945
2818,0.0035347297145308077
2819,-0.006586312972363812
2820,0.012214530460169928
2821,0.010828356269462457
2822,0.010512189292622327
2823,0.012057626488468929
2824,0.0025479477113235236
2825,0.011333380817118726
2826,0.015433154471187526
2827,0.01108918370134707
2828,-0.00451283666254467
2829,0.017067665318045672
2830,0.011864427609405185
2831,0.010401765780097308
2832,0.012964746954671086
2833,0.004756169084761391
2834,0.012964746954671086
2835,0.017067665318045672
2836,0.011333380817118726
2837,0.008533832659022836
2838,0.012964746954671086
2839,0.012964746954671086
2840,-0.00192689123102451
2841,0.010253742592351272
2842,-0.011055152633234982
2843,0.00932909423686507
2844,0.011333380817118726
2845,0.012964746954671086
2846,0.017067665318045672
2847,0.017067665318045672
2848,0.0028382948890485014
2849,0.0057342847555400134
2850,0.012964746954671086
2851,0.00932909423686507
2852,0.017067665318045672
2853,0.017067665318045672
2854,0.017067665318045672
2855,0.0019122355481521348
2856,0.007781926721114822
2857,0.009467015598034282
2858,0.014745001336558889
2859,0.007031375475165601
2860,0.0021116362563925956
2861,0.011908617930591938
2862,-0.0021053368534243977
2863,-0.011055152633234982
2864,-0.006633091843516367
2865,0.006560843695295313
2866,0.012964746954671086
2867,0.017067665318045672
2868,0.00890444615876084
2869,0.011908617930591938
2870,-0.011055152633234982
2871,0.017067665318045672
2872,0.011055152633234982
2873,-0.0010753547451998167
2874,0.009858616137090563
2875,-0.010954938192927853
2876,0.022017479553773804
2877,0.0017690441485758762
2878,0.010867975392417925
2879,0.017067665318045672
2880,1.8245036684233632e-05
2881,-0.0053415847396471785
2882,0.0044574023485125175
2883,0.004291512812482813
2884,0.004498786360759151
2885,-0.0053415847396471785
2886,0.0026707923698235892
2887,-0.0053415847396471785
2888,0.013470943842985018
2889,0.0
2890,0.029193473101913146
2891,0.025045890066037236
2892,0.012044153620384617
2893,0.02226462773753465
2894,0.016226236922050243
2895,0.028940194905506353
2896,0.02396475751017718
2897,0.027965724932351825
2898,0.019465687036635815
2899,0.01807812063125702
2900,0.03195900716598754
2901,0.029500048469286902
2902,0.027870750117063792
2903,0.027810706008061445
2904,0.017067665318045672
2905,0.028510460668621347
2906,0.02179819332325075
2907,0.010067665023340703
2908,0.010960367907956608
2909,0.017117037874740598
2910,-0.0035408193688042534
2911,0.0014236554230313162
2912,0.010665902457016726
2913,-0.015757558018688694
2914,0.012654429155115329
2915,0.030162844528603926
2916,0.007513970828889781
2917,0.007025283936533841
2918,0.05596515686210309
2919,0.018967612868883956
2920,0.06711106566862983
2921,0.001819316549214593
2922,0.0218260914168734
2923,-0.0050462522599009005
2924,0.06696096948109931
2925,0.0393076615620646
2926,0.02513911037051025
2927,0.06544786003375035
2928,0.035473703804468314
2929,0.01677169159064434
2930,0.005032366687007466
2931,0.059648516065318014
2932,0.05754588292585561
2933,0.011643742904337267
2934,0.02617198899693328
2935,0.023178779886484605
2936,0.009807447617426003
2937,-0.017067665318045672
2938,0.04470381163868526
2939,0.04160626161899435
2940,0.011196334226485949
2941,-0.031343139422581046
2942,0.09856597505654759
2943,0.019719020579560882
2944,0.021934191566967142
2945,0.023923118117514585
2946,0.011398885958964588
2947,0.03694865209797029
2948,0.012119779588264072
2949,0.02429018517600149
2950,0.016430872001166472
2951,0.022822201825109294
2952,-0.012742336459209955
2953,0.015737972424830438
2954,0.047924907823314024
2955,0.009810446870818269
2956,-0.0062225592611757155
2957,0.018291816639251644
2958,0.014481029309718589
2959,-0.002558745336312734
2960,0.01708885306887456
2961,-0.006339296283786308
2962,-0.012581519806392485
2963,0.010127544209320213
2964,0.04907774716340623
2965,-0.005595108416596443
2966,-0.003108393712995557
2967,-0.005595108416596443
2968,-0.005595108416596443
2969,0.05574828730345608
2970,0.00028606279086986527
2971,0.018207090494732625
2972,-0.005830310273579476
2973,0.002452198292208696
2974,0.005527787214947821
2975,-0.004699975471609161
2976,-0.024532186896295258
2977,-0.012976684831351592
2978,-0.004565955943781045
2979,0.0015825858472795877
2980,0.008104822583700213
2981,0.003820629247267609
2982,-0.0015825858472795877
2983,0.003108393712995557
2984,-0.00046356414728557677
2985,0.005595108416596443
2986,0.01034286581694101
2987,0.00717769426387603
2988,0.007856151113340122
2989,0.010692968667705752
2990,-0.024227778577962607
2991,0.0028808321542149328
2992,0.012044153620384617
2993,0.01825670758923602
2994,-0.002117473311492643
2995,0.02179819332325075
2996,-0.005298397350336418
2997,0.015896876644633434
2998,0.03455169852517799
2999,0.0491595209855556
3000,0.029620152588958143
3001,0.013449997085885375
3002,0.031059934979779994
3003,0.014771799414930589
3004,0.04232050941542934
3005,0.03634174070383328
3006,0.03621626579944704
3007,0.04464266020083172
3008,-0.011249932931658576
3009,0.001114663855920553
3010,0.04051119202406884
3011,-2.8766397783265076e-05
3012,0.0234892542242788
3013,-0.009404671264945935
3014,0.009885651661883516
3015,0.028859902145759463
3016,0.013747965544667605
3017,0.020695728203584222
3018,0.013165867597861505
3019,0.06090080413341923
3020,0.006015270318613313
3021,0.005363622395453165
3022,-0.001175051017645939
3023,0.004715450458391505
3024,0.010507882120676859
3025,0.018033686060636444
3026,0.002869097654675615
3027,-0.0011890422711903477
3028,0.017224257385736595
3029,0.0023780845423806954
3030,0.0023780845423806954
3031,-0.0013719718377441625
3032,-0.005945211267361187
3033,0.004246579577932907
3034,0.004624053286694746
3035,0.0035671269021615945
3036,-0.0008493159333046916
3037,0.005945211267361187
3038,-0.0035671269021615945
3039,0.004246579577932907
3040,0.0011890422711903477
3041,-0.004624053286694746
3042,0.003963474296361526
3043,0.0023780845423806954
3044,0.0
3045,0.0029726056336805934
3046,0.0023780845423806954
3047,0.0023780845423806954
3048,-0.0011890422711903477
3049,0.0011890422711903477
3050,0.0023780845423806954
3051,0.00445890845052089
3052,-0.001621421303056988
3053,0.004624053286694746
3054,0.0033028953060283066
3055,-0.005945211267361187
3056,0.0033028953060283066
3057,0.0033028953060283066
3058,0.005945211267361187
3059,0.00445890845052089
3060,-0.005945211267361187
3061,0.005945211267361187
3062,-0.0020293778625295198
3063,0.005945211267361187
3064,0.004246579577932907
3065,0.001981737148180763
3066,0.004756169084761391
3067,0.0021903409652623686
3068,0.005945211267361187
3069,0.004624053286694746
3070,0.0033028953060283066
3071,0.0025479477113235236
3072,0.0006605790346284958
3073,-0.0023780845423806954
3074,0.0023780845423806954
3075,0.0011890422711903477
3076,0.003963474296361526
3077,0.001981737148180763
3078,-0.0011890422711903477
3079,0.005945211267361187
3080,0.0035671269021615945
3081,-0.0003963474384952078
3082,0.0011890422711903477
3083,0.0
3084,0.0023780845423806954
3085,0.005945211267361187
3086,0.0025479477113235236
3087,0.001981737148180763
3088,0.003963474296361526
3089,0.003963474296361526
3090,0.0011890422711903477
3091,0.0
3092,0.005945211267361187
3093,0.004246579577932907
3094,0.0025479477113235236
3095,0.005595108416596443
3096,0.004246579577932907
3097,-0.005699013833869489
3098,-0.007725824822290064
3099,0.010869405213680067
3100,0.015073949148071277
3101,0.0005900346493945371
3102,0.01588085086183092
3103,0.01196530822621115
3104,0.015550172771004699
3105,0.010677809921745789
3106,0.0018336966589146732
3107,0.015487504763209923
3108,0.008953851323523552
3109,0.002850153530618633
3110,0.0111116222021602
3111,-0.00020029762595478093
3112,0.009324138941691906
3113,0.018142088507246436
3114,0.018426020131272276
3115,0.007144507331451074
3116,-0.007992061655223662
3117,0.009712968581675358
3118,0.006557064547393802
3119,0.011960023557002857
3120,0.0022036137448795327
3121,0.008579386443834327
3122,0.009212386439388402
3123,-0.00015503373021470216
3124,0.006773917687605644
3125,-0.0036228237142275424
3126,9.118130373112947e-05
3127,0.009554770792453893
3128,0.007909857524896308
3129,0.04661266148932936
3130,-0.008281061575986435
3131,-0.0047477574003445665
3132,0.010701414515978589
3133,0.0011890422711903477
3134,-0.009556437379072958
3135,0.016325993491006215
3136,0.014918702980227754
3137,0.013471903785854925
3138,0.0033054205188100907
3139,0.010076491024887313
3140,0.008782788846377877
3141,0.007249872918685523
3142,0.011168989636804055
3143,0.007888525638451313
3144,0.01491602436779119
3145,-0.0005798420388163749
3146,0.008087250000273298
3147,0.0070805489758018906
3148,0.008353443745606025
3149,0.004535033726094692
3150,0.008240268566937691
3151,0.009617435495905682
3152,0.006441887552997665
3153,0.006174518173485706
3154,0.000677828173688953
3155,0.0024999954567652225
3156,0.005529305335980237
3157,0.006715134932394244
3158,0.004272652958150418
3159,0.006415435175334275
3160,0.006345493351611016
3161,0.0016048630347191772
3162,-0.005945211267361187
3163,-0.0053598297763314115
3164,0.001299798624513428
3165,0.011392372880958294
3166,0.004637017781509713
3167,0.01345860085736566
3168,0.004247355500374086
3169,0.007990783414815388
3170,-0.005436141255943123
3171,0.0052277287713104964
3172,0.010485952709695797
3173,0.006925134659437372
3174,0.010485952709695797
3175,0.010485952709695797
3176,0.01466754368119168
3177,0.007107717242394166
3178,-0.007612326483777721
3179,0.010639982089983596
3180,-0.005298397350336418
3181,0.010639982089983596
3182,0.002649198675168209
3183,-0.005298397350336418
3184,0.010639982089983596
3185,-0.005266083174565799
3186,-0.006578429493016903
3187,0.0053415847396471785
3188,0.002463948041645377
3189,0.008503348321478029
3190,0.0047477574003445665
3191,0.0040420241891785304
3192,0.003973798012752313
3193,-0.010639982089983596
3194,0.003961864912169217
3195,0.0017517367058810396
3196,0.004584670798619573
3197,0.002206988759619177
3198,0.038791932148350944
3199,0.008662192879131819
3200,0.03590529290119474
3201,0.008827175919079147
3202,0.025789813821921116
3203,0.008144215070350132
3204,-0.011463535732601187
3205,-0.005337246026208692
3206,0.0028808321542149328
3207,0.011463535732601187
3208,0.0053598297763314115
3209,-0.005904357477282887
3210,-0.038947428028940155
3211,-1.4306614007317502e-05
3212,-0.023338566400286444
3213,0.0040650406504065045
3214,-0.0040650406504065045
3215,-0.0040650406504065045
3216,-0.0040650406504065045
3217,-0.0040650406504065045
3218,-0.0040650406504065045
3219,-0.0040650406504065045
3220,-0.0040650406504065045
3221,-0.0040650406504065045
3222,0.0040650406504065045
3223,0.005699013833869489
3224,0.010317016619745531
3225,0.009514087577399914
3226,-0.002848654553402097
3227,0.015529870140001113
3228,0.0024433723782006783
3229,0.0030542154272394915
3230,0.010967957893766363
3231,0.00840113803516322
3232,0.022961112984744493
3233,0.0030542154272394915
3234,0.012626536504835223
3235,0.0036650586583237303
3236,0.006108430854478983
3237,0.006108430854478983
3238,0.006108430854478983
3239,0.006108430854478983
3240,0.010639982089983596
3241,0.010639982089983596
3242,0.007107717242394166
3243,0.005298397350336418
3244,0.0053415847396471785
3245,-4.318738931076032e-05
3246,0.005298397350336418
3247,-0.0004902134445176067
3248,0.010639982089983596
3249,0.0026707923698235892
3250,-0.0053415847396471785
3251,-0.010639982089983596
3252,0.001350163607230041
3253,0.2206563091910008
3254,0.3161920972031812
3255,0.2858610488537517
3256,0.27978090187089366
3257,0.30228077914517026
3258,0.16104059711695343
3259,0.3382632526449234
3260,0.2845544288337232
3261,0.07163805898786182
3262,0.321774078617269
3263,0.2271196021363567
3264,0.242642142343891
3265,0.15689986153062788
3266,0.17455953500092714
3267,0.18899108674298945
3268,0.26103165284665664
3269,0.28548328054772976
3270,0.23253352672379177
3271,0.046327063391436996
3272,0.13787651890455618
3273,0.27482492517102386
3274,0.11665309559249246
3275,0.22164489457692912
3276,0.09099848389557574
3277,0.2765731551311662
3278,0.2744630402572309
3279,0.18665954152205416
3280,1.0766403836236712e-05
3281,0.27903336374875976
3282,0.07277250467410333
3283,0.26361853840725935
3284,0.24014064525818052
3285,0.184191313035858
3286,0.21168322575382234
3287,0.23673601115260579
3288,0.24087748419965976
3289,0.08258742603655765
3290,0.2917487326092788
3291,0.3381652301169426
3292,0.2945934369171135
3293,0.09927156157638597
3294,0.1392751732599329
3295,0.25641725192732184
3296,0.29871206899199276
3297,0.18494006036720695
3298,0.051273836532955634
3299,0.1572676931479472
3300,0.2726861623909446
3301,0.2434051449294616
3302,0.3115960227288496
3303,0.3042667422039946
3304,0.21777084856155612
3305,0.2704537343967589
3306,0.2888372859017201
3307,0.24387961022599336
3308,0.2493140053469986
3309,0.24403059032290664
3310,0.26160451931237144
3311,0.21457364015482627
3312,0.32627957066726787
3313,0.2420990374526566
3314,0.31546088919310084
3315,0.2994792644087891
3316,0.13876106087151874
3317,0.30188932330461893
3318,0.29594470027435615
3319,0.2794774025972193
3320,0.2746103436342376
3321,0.28836999470198504
3322,0.19028237441140144
3323,0.26338279918083285
3324,0.21717844846526038
3325,0.2888838332732901
3326,0.22691373520768268
3327,0.2678109838207088
3328,0.27093733593978947
3329,0.2507566898868733
